y,x,mass,size,ecc,signal,raw_mass,ep,frame,particle
277.0,722.0,7711.596411926695,2.694153155582348,0.02660684473845918,199.86351103174175,12495.0,0.0,0,0
710.0,235.0,7711.596411926695,2.694153155582348,0.02660684473845918,199.86351103174175,12495.0,0.0,0,1
799.0,667.0,7711.596411926695,2.694153155582348,0.02660684473845918,199.86351103174175,12495.0,0.0,0,2
282.0,720.0,7711.596411926695,2.694153155582348,0.02660684473845918,199.86351103174175,12495.0,0.0,1,0
726.0,239.0,7711.596411926695,2.694153155582348,0.02660684473845918,199.86351103174175,12495.0,0.0,1,1
795.0,649.0,7711.596411926695,2.694153155582348,0.02660684473845918,199.86351103174175,12495.0,0.0,1,2
282.0,722.0,7711.596411926695,2.694153155582348,0.02660684473845918,199.86351103174175,12495.0,0.0,2,0
731.0,255.0,7711.596411926695,2.694153155582348,0.02660684473845918,199.86351103174175,12495.0,0.0,2,1
786.0,639.0,7711.596411926695,2.694153155582348,0.02660684473845918,199.86351103174175,12495.0,0.0,2,2
785.0,637.0,7711.596411926695,2.694153155582348,0.02660684473845918,199.86351103174175,12495.0,0.0,3,2
285.0,723.0,7711.596411926695,2.694153155582348,0.02660684473845918,199.86351103174175,12495.0,0.0,3,0
285.0,721.0,7711.596411926695,2.694153155582348,0.02660684473845918,199.86351103174175,12495.0,0.0,4,0
280.0,723.0,7711.596411926695,2.694153155582348,0.02660684473845918,199.86351103174175,12495.0,0.0,5,0
293.0,727.0,7711.596411926695,2.694153155582348,0.02660684473845918,199.86351103174175,12495.0,0.0,6,0
724.0,258.0,7711.596411926695,2.694153155582348,0.02660684473845918,199.86351103174175,12495.0,0.0,6,1
281.0,722.0,7711.596411926695,2.694153155582348,0.02660684473845918,199.86351103174175,12495.0,0.0,7,0
707.0,248.0,7711.596411926695,2.694153155582348,0.02660684473845918,199.86351103174175,12495.0,0.0,7,1
750.0,545.0,7711.596411926695,2.694153155582348,0.02660684473845918,199.86351103174175,12495.0,0.0,8,13
287.0,722.0,7711.596411926695,2.694153155582348,0.02660684473845918,199.86351103174175,12495.0,0.0,8,0
701.0,238.0,7711.596411926695,2.694153155582348,0.02660684473845918,199.86351103174175,12495.0,0.0,8,1
751.0,561.0,7711.596411926695,2.694153155582348,0.02660684473845918,199.86351103174175,12495.0,0.0,9,13
694.0,234.0,7711.596411926695,2.694153155582348,0.02660684473845918,199.86351103174175,12495.0,0.0,9,1
282.0,718.0,7711.596411926695,2.694153155582348,0.02660684473845918,199.86351103174175,12495.0,0.0,9,0
286.0,724.0,7711.596411926695,2.694153155582348,0.02660684473845918,199.86351103174175,12495.0,0.0,10,0
687.0,232.0,7711.596411926695,2.694153155582348,0.02660684473845918,199.86351103174175,12495.0,0.0,10,1
755.0,567.0,7711.596411926695,2.694153155582348,0.02660684473845918,199.86351103174175,12495.0,0.0,10,13
743.0,576.0,7711.596411926695,2.694153155582348,0.02660684473845918,199.86351103174175,12495.0,0.0,11,13
689.0,246.0,7711.596411926695,2.694153155582348,0.02660684473845918,199.86351103174175,12495.0,0.0,11,1
291.0,727.0,7711.596411926695,2.694153155582348,0.02660684473845918,199.86351103174175,12495.0,0.0,11,0
292.0,725.0,7711.596411926695,2.694153155582348,0.02660684473845918,199.86351103174175,12495.0,0.0,12,0
682.0,256.0,7711.596411926695,2.694153155582348,0.02660684473845918,199.86351103174175,12495.0,0.0,12,1
748.0,573.0,7711.596411926695,2.694153155582348,0.02660684473845918,199.86351103174175,12495.0,0.0,12,13
291.0,727.0,7711.596411926695,2.694153155582348,0.02660684473845918,199.86351103174175,12495.0,0.0,13,0
676.0,276.0,7711.596411926695,2.694153155582348,0.02660684473845918,199.86351103174175,12495.0,0.0,13,17
721.0,586.0,7711.596411926695,2.694153155582348,0.02660684473845918,199.86351103174175,12495.0,0.0,13,18
711.0,590.0,7711.596411926695,2.694153155582348,0.02660684473845918,199.86351103174175,12495.0,0.0,14,18
664.0,287.0,7711.596411926695,2.694153155582348,0.02660684473845918,199.86351103174175,12495.0,0.0,14,17
285.0,719.0,7711.596411926695,2.694153155582348,0.02660684473845918,199.86351103174175,12495.0,0.0,14,0
290.0,725.0,7711.596411926695,2.694153155582348,0.02660684473845918,199.86351103174175,12495.0,0.0,15,0
648.0,296.0,7711.596411926695,2.694153155582348,0.02660684473845918,199.86351103174175,12495.0,0.0,15,17
705.0,595.0,7711.596411926695,2.694153155582348,0.02660684473845918,199.86351103174175,12495.0,0.0,15,18
281.0,729.0,7711.596411926695,2.694153155582348,0.02660684473845918,199.86351103174175,12495.0,0.0,16,0
634.0,302.0,7711.596411926695,2.694153155582348,0.02660684473845918,199.86351103174175,12495.0,0.0,16,17
698.0,593.0,7711.596411926695,2.694153155582348,0.02660684473845918,199.86351103174175,12495.0,0.0,16,18
674.0,613.0,7711.596411926695,2.694153155582348,0.02660684473845918,199.86351103174175,12495.0,0.0,17,19
638.0,302.0,7711.596411926695,2.694153155582348,0.02660684473845918,199.86351103174175,12495.0,0.0,17,17
275.0,723.0,7711.596411926695,2.694153155582348,0.02660684473845918,199.86351103174175,12495.0,0.0,17,0
286.0,728.0,7711.596411926695,2.694153155582348,0.02660684473845918,199.86351103174175,12495.0,0.0,18,0
642.0,306.0,7711.596411926695,2.694153155582348,0.02660684473845918,199.86351103174175,12495.0,0.0,18,17
667.0,620.0,7711.596411926695,2.694153155582348,0.02660684473845918,199.86351103174175,12495.0,0.0,18,19
290.0,729.0,7711.596411926695,2.694153155582348,0.02660684473845918,199.86351103174175,12495.0,0.0,19,0
636.0,317.0,7711.596411926695,2.694153155582348,0.02660684473845918,199.86351103174175,12495.0,0.0,19,17
652.0,631.0,7711.596411926695,2.694153155582348,0.02660684473845918,199.86351103174175,12495.0,0.0,19,19
641.0,647.0,7711.596411926695,2.694153155582348,0.02660684473845918,199.86351103174175,12495.0,0.0,20,19
633.0,317.0,7711.596411926695,2.694153155582348,0.02660684473845918,199.86351103174175,12495.0,0.0,20,17
293.0,726.0,7711.596411926695,2.694153155582348,0.02660684473845918,199.86351103174175,12495.0,0.0,20,0
285.0,727.0,7711.596411926695,2.694153155582348,0.02660684473845918,199.86351103174175,12495.0,0.0,21,0
627.0,329.0,7711.596411926695,2.694153155582348,0.02660684473845918,199.86351103174175,12495.0,0.0,21,17
627.0,346.0,7711.596411926695,2.694153155582348,0.02660684473845918,199.86351103174175,12495.0,0.0,22,17
289.0,728.0,7711.596411926695,2.694153155582348,0.02660684473845918,199.86351103174175,12495.0,0.0,22,0
289.0,726.0,7711.596411926695,2.694153155582348,0.02660684473845918,199.86351103174175,12495.0,0.0,23,0
628.0,351.0,7711.596411926695,2.694153155582348,0.02660684473845918,199.86351103174175,12495.0,0.0,23,17
624.0,359.0,7711.596411926695,2.694153155582348,0.02660684473845918,199.86351103174175,12495.0,0.0,24,17
287.0,729.0,7711.596411926695,2.694153155582348,0.02660684473845918,199.86351103174175,12495.0,0.0,24,0
291.0,725.0,7711.596411926695,2.694153155582348,0.02660684473845918,199.86351103174175,12495.0,0.0,25,0
626.0,369.0,7711.596411926695,2.694153155582348,0.02660684473845918,199.86351103174175,12495.0,0.0,25,17
287.0,726.0,7711.596411926695,2.694153155582348,0.02660684473845918,199.86351103174175,12495.0,0.0,26,0
619.0,387.0,7711.596411926695,2.694153155582348,0.02660684473845918,199.86351103174175,12495.0,0.0,26,17
608.0,391.0,7711.596411926695,2.694153155582348,0.02660684473845918,199.86351103174175,12495.0,0.0,27,17
498.0,663.0,7711.596411926695,2.694153155582348,0.02660684473845918,199.86351103174175,12495.0,0.0,27,30
290.0,724.0,7711.596411926695,2.694153155582348,0.02660684473845918,199.86351103174175,12495.0,0.0,27,0
293.0,727.0,7711.596411926695,2.694153155582348,0.02660684473845918,199.86351103174175,12495.0,0.0,28,0
497.0,668.0,7711.596411926695,2.694153155582348,0.02660684473845918,199.86351103174175,12495.0,0.0,28,30
604.0,385.0,7711.596411926695,2.694153155582348,0.02660684473845918,199.86351103174175,12495.0,0.0,28,17
287.0,727.0,7711.596411926695,2.694153155582348,0.02660684473845918,199.86351103174175,12495.0,0.0,29,0
493.0,678.0,7711.596411926695,2.694153155582348,0.02660684473845918,199.86351103174175,12495.0,0.0,29,30
597.0,392.0,7711.596411926695,2.694153155582348,0.02660684473845918,199.86351103174175,12495.0,0.0,29,17
602.0,393.0,7711.596411926695,2.694153155582348,0.02660684473845918,199.86351103174175,12495.0,0.0,30,17
281.0,720.0,7711.596411926695,2.694153155582348,0.02660684473845918,199.86351103174175,12495.0,0.0,30,0
502.0,688.0,7711.596411926695,2.694153155582348,0.02660684473845918,199.86351103174175,12495.0,0.0,30,30
280.0,721.0,7711.596411926695,2.694153155582348,0.02660684473845918,199.86351103174175,12495.0,0.0,31,0
495.0,685.0,7711.596411926695,2.694153155582348,0.02660684473845918,199.86351103174175,12495.0,0.0,31,30
596.0,394.0,7711.596411926695,2.694153155582348,0.02660684473845918,199.86351103174175,12495.0,0.0,31,17
279.0,719.0,7711.596411926695,2.694153155582348,0.02660684473845918,199.86351103174175,12495.0,0.0,32,0
599.0,386.0,7711.596411926695,2.694153155582348,0.02660684473845918,199.86351103174175,12495.0,0.0,32,17
592.0,391.0,7711.596411926695,2.694153155582348,0.02660684473845918,199.86351103174175,12495.0,0.0,33,17
280.0,722.0,7711.596411926695,2.694153155582348,0.02660684473845918,199.86351103174175,12495.0,0.0,33,0
288.0,725.0,7711.596411926695,2.694153155582348,0.02660684473845918,199.86351103174175,12495.0,0.0,34,0
597.0,381.0,7711.596411926695,2.694153155582348,0.02660684473845918,199.86351103174175,12495.0,0.0,34,17
287.0,724.0,7711.596411926695,2.694153155582348,0.02660684473845918,199.86351103174175,12495.0,0.0,35,0
591.0,390.0,7711.596411926695,2.694153155582348,0.02660684473845918,199.86351103174175,12495.0,0.0,35,17
590.0,392.0,7711.596411926695,2.694153155582348,0.02660684473845918,199.86351103174175,12495.0,0.0,36,17
279.0,720.0,7711.596411926695,2.694153155582348,0.02660684473845918,199.86351103174175,12495.0,0.0,36,0
289.0,727.0,7711.596411926695,2.694153155582348,0.02660684473845918,199.86351103174175,12495.0,0.0,37,0
538.0,716.0,7711.596411926695,2.694153155582348,0.02660684473845918,199.86351103174175,12495.0,0.0,37,34
596.0,390.0,7711.596411926695,2.694153155582348,0.02660684473845918,199.86351103174175,12495.0,0.0,37,17
295.0,724.0,7711.596411926695,2.694153155582348,0.02660684473845918,199.86351103174175,12495.0,0.0,38,0
551.0,724.0,7711.596411926695,2.694153155582348,0.02660684473845918,199.86351103174175,12495.0,0.0,38,34
603.0,385.0,7711.596411926695,2.694153155582348,0.02660684473845918,199.86351103174175,12495.0,0.0,38,17
534.0,730.0,7711.596411926695,2.694153155582348,0.02660684473845918,199.86351103174175,12495.0,0.0,39,34
594.0,380.0,7711.596411926695,2.694153155582348,0.02660684473845918,199.86351103174175,12495.0,0.0,39,17
605.0,376.0,7711.596411926695,2.694153155582348,0.02660684473845918,199.86351103174175,12495.0,0.0,40,17
284.0,726.0,7711.596411926695,2.694153155582348,0.02660684473845918,199.86351103174175,12495.0,0.0,40,0
547.0,727.0,7711.596411926695,2.694153155582348,0.02660684473845918,199.86351103174175,12495.0,0.0,41,34
617.0,375.0,7711.596411926695,2.694153155582348,0.02660684473845918,199.86351103174175,12495.0,0.0,41,17
281.0,718.0,7711.596411926695,2.694153155582348,0.02660684473845918,199.86351103174175,12495.0,0.0,41,0
540.0,722.0,7711.596411926695,2.694153155582348,0.02660684473845918,199.86351103174175,12495.0,0.0,42,34
629.0,386.0,7711.596411926695,2.694153155582348,0.02660684473845918,199.86351103174175,12495.0,0.0,42,17
291.0,724.0,7711.596411926695,2.694153155582348,0.02660684473845918,199.86351103174175,12495.0,0.0,42,0
293.0,723.0,7711.596411926695,2.694153155582348,0.02660684473845918,199.86351103174175,12495.0,0.0,43,0
636.0,383.0,7711.596411926695,2.694153155582348,0.02660684473845918,199.86351103174175,12495.0,0.0,43,17
295.0,724.0,7711.596411926695,2.694153155582348,0.02660684473845918,199.86351103174175,12495.0,0.0,44,0
637.0,385.0,7711.596411926695,2.694153155582348,0.02660684473845918,199.86351103174175,12495.0,0.0,44,17
289.0,723.0,7711.596411926695,2.694153155582348,0.02660684473845918,199.86351103174175,12495.0,0.0,45,0
634.0,386.0,7711.596411926695,2.694153155582348,0.02660684473845918,199.86351103174175,12495.0,0.0,45,17
293.0,724.0,7711.596411926695,2.694153155582348,0.02660684473845918,199.86351103174175,12495.0,0.0,46,0
483.0,693.0,7711.596411926695,2.694153155582348,0.02660684473845918,199.86351103174175,12495.0,0.0,46,40
642.0,382.0,7711.596411926695,2.694153155582348,0.02660684473845918,199.86351103174175,12495.0,0.0,46,17
640.0,382.0,7711.596411926695,2.694153155582348,0.02660684473845918,199.86351103174175,12495.0,0.0,47,17
293.0,725.0,7711.596411926695,2.694153155582348,0.02660684473845918,199.86351103174175,12495.0,0.0,47,0
490.0,689.0,7711.596411926695,2.694153155582348,0.02660684473845918,199.86351103174175,12495.0,0.0,47,40
282.0,720.0,7711.596411926695,2.694153155582348,0.02660684473845918,199.86351103174175,12495.0,0.0,48,0
506.0,682.0,7711.596411926695,2.694153155582348,0.02660684473845918,199.86351103174175,12495.0,0.0,48,40
641.0,383.0,7711.596411926695,2.694153155582348,0.02660684473845918,199.86351103174175,12495.0,0.0,48,17
651.0,380.0,7711.596411926695,2.694153155582348,0.02660684473845918,199.86351103174175,12495.0,0.0,49,17
295.0,724.0,7711.596411926695,2.694153155582348,0.02660684473845918,199.86351103174175,12495.0,0.0,49,0
522.0,687.0,7711.596411926695,2.694153155582348,0.02660684473845918,199.86351103174175,12495.0,0.0,49,40
289.0,725.0,7711.596411926695,2.694153155582348,0.02660684473845918,199.86351103174175,12495.0,0.0,50,0
536.0,698.0,7711.596411926695,2.694153155582348,0.02660684473845918,199.86351103174175,12495.0,0.0,50,40
644.0,383.0,7711.596411926695,2.694153155582348,0.02660684473845918,199.86351103174175,12495.0,0.0,50,17
284.0,720.0,7711.596411926695,2.694153155582348,0.02660684473845918,199.86351103174175,12495.0,0.0,51,0
535.0,703.0,7711.596411926695,2.694153155582348,0.02660684473845918,199.86351103174175,12495.0,0.0,51,40
653.0,383.0,7711.596411926695,2.694153155582348,0.02660684473845918,199.86351103174175,12495.0,0.0,51,17
657.0,377.0,7711.596411926695,2.694153155582348,0.02660684473845918,199.86351103174175,12495.0,0.0,52,17
289.0,726.0,7711.596411926695,2.694153155582348,0.02660684473845918,199.86351103174175,12495.0,0.0,52,0
664.0,380.0,7711.596411926695,2.694153155582348,0.02660684473845918,199.86351103174175,12495.0,0.0,53,17
290.0,724.0,7711.596411926695,2.694153155582348,0.02660684473845918,199.86351103174175,12495.0,0.0,53,0
289.0,726.0,7711.596411926695,2.694153155582348,0.02660684473845918,199.86351103174175,12495.0,0.0,54,0
667.0,386.0,7711.596411926695,2.694153155582348,0.02660684473845918,199.86351103174175,12495.0,0.0,54,17
283.0,719.0,7711.596411926695,2.694153155582348,0.02660684473845918,199.86351103174175,12495.0,0.0,55,0
672.0,385.0,7711.596411926695,2.694153155582348,0.02660684473845918,199.86351103174175,12495.0,0.0,55,17
675.0,386.0,7711.596411926695,2.694153155582348,0.02660684473845918,199.86351103174175,12495.0,0.0,56,17
292.0,725.0,7711.596411926695,2.694153155582348,0.02660684473845918,199.86351103174175,12495.0,0.0,56,0
284.0,726.0,7711.596411926695,2.694153155582348,0.02660684473845918,199.86351103174175,12495.0,0.0,57,0
668.0,385.0,7711.596411926695,2.694153155582348,0.02660684473845918,199.86351103174175,12495.0,0.0,57,17
296.0,727.0,7711.596411926695,2.694153155582348,0.02660684473845918,199.86351103174175,12495.0,0.0,58,0
679.0,378.0,7711.596411926695,2.694153155582348,0.02660684473845918,199.86351103174175,12495.0,0.0,58,17
679.0,375.0,7711.596411926695,2.694153155582348,0.02660684473845918,199.86351103174175,12495.0,0.0,59,17
293.0,725.0,7711.596411926695,2.694153155582348,0.02660684473845918,199.86351103174175,12495.0,0.0,59,0
288.0,726.0,7711.596411926695,2.694153155582348,0.02660684473845918,199.86351103174175,12495.0,0.0,60,0
670.0,369.0,7711.596411926695,2.694153155582348,0.02660684473845918,199.86351103174175,12495.0,0.0,60,17
282.0,716.0,7711.596411926695,2.694153155582348,0.02660684473845918,199.86351103174175,12495.0,0.0,61,0
673.0,361.0,7711.596411926695,2.694153155582348,0.02660684473845918,199.86351103174175,12495.0,0.0,61,17
283.0,720.0,7711.596411926695,2.694153155582348,0.02660684473845918,199.86351103174175,12495.0,0.0,62,0
669.0,364.0,7711.596411926695,2.694153155582348,0.02660684473845918,199.86351103174175,12495.0,0.0,62,17
300.0,717.0,7711.596411926695,2.694153155582348,0.02660684473845918,199.86351103174175,12495.0,0.0,63,0
657.0,372.0,7711.596411926695,2.694153155582348,0.02660684473845918,199.86351103174175,12495.0,0.0,63,17
296.0,713.0,7711.596411926695,2.694153155582348,0.02660684473845918,199.86351103174175,12495.0,0.0,64,0
648.0,365.0,7711.596411926695,2.694153155582348,0.02660684473845918,199.86351103174175,12495.0,0.0,64,17
647.0,361.0,7711.596411926695,2.694153155582348,0.02660684473845918,199.86351103174175,12495.0,0.0,65,17
278.0,719.0,7711.596411926695,2.694153155582348,0.02660684473845918,199.86351103174175,12495.0,0.0,65,0
279.0,719.0,7711.596411926695,2.694153155582348,0.02660684473845918,199.86351103174175,12495.0,0.0,66,0
640.0,347.0,7711.596411926695,2.694153155582348,0.02660684473845918,199.86351103174175,12495.0,0.0,66,17
631.0,345.0,7711.596411926695,2.694153155582348,0.02660684473845918,199.86351103174175,12495.0,0.0,67,17
291.0,728.0,7711.596411926695,2.694153155582348,0.02660684473845918,199.86351103174175,12495.0,0.0,67,0
278.0,614.0,7711.596411926695,2.694153155582348,0.02660684473845918,199.86351103174175,12495.0,0.0,68,56
292.0,726.0,7711.596411926695,2.694153155582348,0.02660684473845918,199.86351103174175,12495.0,0.0,68,0
635.0,358.0,7711.596411926695,2.694153155582348,0.02660684473845918,199.86351103174175,12495.0,0.0,68,17
619.0,371.0,7711.596411926695,2.694153155582348,0.02660684473845918,199.86351103174175,12495.0,0.0,69,58
267.0,603.0,7711.596411926695,2.694153155582348,0.02660684473845918,199.86351103174175,12495.0,0.0,69,56
277.0,723.0,7711.596411926695,2.694153155582348,0.02660684473845918,199.86351103174175,12495.0,0.0,69,0
275.0,586.0,7711.596411926695,2.694153155582348,0.02660684473845918,199.86351103174175,12495.0,0.0,70,56
294.0,725.0,7711.596411926695,2.694153155582348,0.02660684473845918,199.86351103174175,12495.0,0.0,70,0
632.0,379.0,7711.596411926695,2.694153155582348,0.02660684473845918,199.86351103174175,12495.0,0.0,70,58
267.0,568.0,7711.596411926695,2.694153155582348,0.02660684473845918,199.86351103174175,12495.0,0.0,71,56
289.0,726.0,7711.596411926695,2.694153155582348,0.02660684473845918,199.86351103174175,12495.0,0.0,71,0
623.0,375.0,7711.596411926695,2.694153155582348,0.02660684473845918,199.86351103174175,12495.0,0.0,71,58
623.0,372.0,7711.596411926695,2.694153155582348,0.02660684473845918,199.86351103174175,12495.0,0.0,72,58
266.0,549.0,7711.596411926695,2.694153155582348,0.02660684473845918,199.86351103174175,12495.0,0.0,72,56
287.0,727.0,7711.596411926695,2.694153155582348,0.02660684473845918,199.86351103174175,12495.0,0.0,72,0
264.0,530.0,7711.596411926695,2.694153155582348,0.02660684473845918,199.86351103174175,12495.0,0.0,73,56
277.0,720.0,7711.596411926695,2.694153155582348,0.02660684473845918,199.86351103174175,12495.0,0.0,73,0
620.0,375.0,7711.596411926695,2.694153155582348,0.02660684473845918,199.86351103174175,12495.0,0.0,73,58
261.0,520.0,7711.596411926695,2.694153155582348,0.02660684473845918,199.86351103174175,12495.0,0.0,74,56
280.0,722.0,7711.596411926695,2.694153155582348,0.02660684473845918,199.86351103174175,12495.0,0.0,74,0
620.0,369.0,7711.596411926695,2.694153155582348,0.02660684473845918,199.86351103174175,12495.0,0.0,74,58
256.0,520.0,7711.596411926695,2.694153155582348,0.02660684473845918,199.86351103174175,12495.0,0.0,75,56
289.0,730.0,7711.596411926695,2.694153155582348,0.02660684473845918,199.86351103174175,12495.0,0.0,75,0
613.0,368.0,7711.596411926695,2.694153155582348,0.02660684473845918,199.86351103174175,12495.0,0.0,75,58
258.0,520.0,7711.596411926695,2.694153155582348,0.02660684473845918,199.86351103174175,12495.0,0.0,76,56
289.0,729.0,7711.596411926695,2.694153155582348,0.02660684473845918,199.86351103174175,12495.0,0.0,76,0
611.0,368.0,7711.596411926695,2.694153155582348,0.02660684473845918,199.86351103174175,12495.0,0.0,76,58
605.0,362.0,7711.596411926695,2.694153155582348,0.02660684473845918,199.86351103174175,12495.0,0.0,77,58
259.0,518.0,7711.596411926695,2.694153155582348,0.02660684473845918,199.86351103174175,12495.0,0.0,77,56
291.0,726.0,7711.596411926695,2.694153155582348,0.02660684473845918,199.86351103174175,12495.0,0.0,77,0
260.0,516.0,7711.596411926695,2.694153155582348,0.02660684473845918,199.86351103174175,12495.0,0.0,78,56
282.0,721.0,7711.596411926695,2.694153155582348,0.02660684473845918,199.86351103174175,12495.0,0.0,78,0
604.0,364.0,7711.596411926695,2.694153155582348,0.02660684473845918,199.86351103174175,12495.0,0.0,78,58
263.0,525.0,7711.596411926695,2.694153155582348,0.02660684473845918,199.86351103174175,12495.0,0.0,79,56
281.0,720.0,7711.596411926695,2.694153155582348,0.02660684473845918,199.86351103174175,12495.0,0.0,79,0
599.0,358.0,7711.596411926695,2.694153155582348,0.02660684473845918,199.86351103174175,12495.0,0.0,79,58
266.0,531.0,7711.596411926695,2.694153155582348,0.02660684473845918,199.86351103174175,12495.0,0.0,80,56
290.0,725.0,7711.596411926695,2.694153155582348,0.02660684473845918,199.86351103174175,12495.0,0.0,80,0
262.0,533.0,7711.596411926695,2.694153155582348,0.02660684473845918,199.86351103174175,12495.0,0.0,81,56
278.0,722.0,7711.596411926695,2.694153155582348,0.02660684473845918,199.86351103174175,12495.0,0.0,81,0
583.0,348.0,7711.596411926695,2.694153155582348,0.02660684473845918,199.86351103174175,12495.0,0.0,81,58
293.0,727.0,7711.596411926695,2.694153155582348,0.02660684473845918,199.86351103174175,12495.0,0.0,82,0
266.0,536.0,7711.596411926695,2.694153155582348,0.02660684473845918,199.86351103174175,12495.0,0.0,82,56
585.0,345.0,7711.596411926695,2.694153155582348,0.02660684473845918,199.86351103174175,12495.0,0.0,82,58
259.0,514.0,7711.596411926695,2.694153155582348,0.02660684473845918,199.86351103174175,12495.0,0.0,83,65
286.0,725.0,7711.596411926695,2.694153155582348,0.02660684473845918,199.86351103174175,12495.0,0.0,83,0
289.0,729.0,7711.596411926695,2.694153155582348,0.02660684473845918,199.86351103174175,12495.0,0.0,84,0
258.0,508.0,7711.596411926695,2.694153155582348,0.02660684473845918,199.86351103174175,12495.0,0.0,84,65
287.0,729.0,7711.596411926695,2.694153155582348,0.02660684473845918,199.86351103174175,12495.0,0.0,85,0
254.0,503.0,7711.596411926695,2.694153155582348,0.02660684473845918,199.86351103174175,12495.0,0.0,85,65
253.0,498.0,7711.596411926695,2.694153155582348,0.02660684473845918,199.86351103174175,12495.0,0.0,86,65
276.0,721.0,7711.596411926695,2.694153155582348,0.02660684473845918,199.86351103174175,12495.0,0.0,86,0
253.0,482.0,7711.596411926695,2.694153155582348,0.02660684473845918,199.86351103174175,12495.0,0.0,87,65
288.0,727.0,7711.596411926695,2.694153155582348,0.02660684473845918,199.86351103174175,12495.0,0.0,87,0
251.0,478.0,7711.596411926695,2.694153155582348,0.02660684473845918,199.86351103174175,12495.0,0.0,88,65
286.0,726.0,7711.596411926695,2.694153155582348,0.02660684473845918,199.86351103174175,12495.0,0.0,88,0
251.0,475.0,7711.596411926695,2.694153155582348,0.02660684473845918,199.86351103174175,12495.0,0.0,89,65
288.0,727.0,7711.596411926695,2.694153155582348,0.02660684473845918,199.86351103174175,12495.0,0.0,89,0
251.0,470.0,7711.596411926695,2.694153155582348,0.02660684473845918,199.86351103174175,12495.0,0.0,90,65
280.0,721.0,7711.596411926695,2.694153155582348,0.02660684473845918,199.86351103174175,12495.0,0.0,90,0
280.0,721.0,7711.596411926695,2.694153155582348,0.02660684473845918,199.86351103174175,12495.0,0.0,91,0
295.0,726.0,7711.596411926695,2.694153155582348,0.02660684473845918,199.86351103174175,12495.0,0.0,92,0
293.0,727.0,7711.596411926695,2.694153155582348,0.02660684473845918,199.86351103174175,12495.0,0.0,93,0
279.0,722.0,7711.596411926695,2.694153155582348,0.02660684473845918,199.86351103174175,12495.0,0.0,94,0
242.0,373.0,7711.596411926695,2.694153155582348,0.02660684473845918,199.86351103174175,12495.0,0.0,95,70
282.0,721.0,7711.596411926695,2.694153155582348,0.02660684473845918,199.86351103174175,12495.0,0.0,95,0
245.0,365.0,7711.596411926695,2.694153155582348,0.02660684473845918,199.86351103174175,12495.0,0.0,96,70
288.0,727.0,7711.596411926695,2.694153155582348,0.02660684473845918,199.86351103174175,12495.0,0.0,96,0
245.0,367.0,7711.596411926695,2.694153155582348,0.02660684473845918,199.86351103174175,12495.0,0.0,97,70
279.0,722.0,7711.596411926695,2.694153155582348,0.02660684473845918,199.86351103174175,12495.0,0.0,97,0
253.0,352.0,7711.596411926695,2.694153155582348,0.02660684473845918,199.86351103174175,12495.0,0.0,98,70
282.0,720.0,7711.596411926695,2.694153155582348,0.02660684473845918,199.86351103174175,12495.0,0.0,98,0
264.0,344.0,7711.596411926695,2.694153155582348,0.02660684473845918,199.86351103174175,12495.0,0.0,99,70
285.0,720.0,7711.596411926695,2.694153155582348,0.02660684473845918,199.86351103174175,12495.0,0.0,99,0
479.0,738.0,7711.596411926695,2.694153155582348,0.02660684473845918,199.86351103174175,12495.0,0.0,99,71
279.0,723.0,7711.596411926695,2.694153155582348,0.02660684473845918,199.86351103174175,12495.0,0.0,100,0
268.0,345.0,7711.596411926695,2.694153155582348,0.02660684473845918,199.86351103174175,12495.0,0.0,100,70
267.0,340.0,7711.596411926695,2.694153155582348,0.02660684473845918,199.86351103174175,12495.0,0.0,101,70
279.0,723.0,7711.596411926695,2.694153155582348,0.02660684473845918,199.86351103174175,12495.0,0.0,101,0
475.0,743.0,7711.596411926695,2.694153155582348,0.02660684473845918,199.86351103174175,12495.0,0.0,101,71
274.0,338.0,7711.596411926695,2.694153155582348,0.02660684473845918,199.86351103174175,12495.0,0.0,102,70
277.0,723.0,7711.596411926695,2.694153155582348,0.02660684473845918,199.86351103174175,12495.0,0.0,102,0
279.0,338.0,7711.596411926695,2.694153155582348,0.02660684473845918,199.86351103174175,12495.0,0.0,103,70
287.0,728.0,7711.596411926695,2.694153155582348,0.02660684473845918,199.86351103174175,12495.0,0.0,103,0
476.0,739.0,7711.596411926695,2.694153155582348,0.02660684473845918,199.86351103174175,12495.0,0.0,104,71
287.0,331.0,7711.596411926695,2.694153155582348,0.02660684473845918,199.86351103174175,12495.0,0.0,104,70
290.0,724.0,7711.596411926695,2.694153155582348,0.02660684473845918,199.86351103174175,12495.0,0.0,104,0
282.0,718.0,7711.596411926695,2.694153155582348,0.02660684473845918,199.86351103174175,12495.0,0.0,105,0
292.0,326.0,7711.596411926695,2.694153155582348,0.02660684473845918,199.86351103174175,12495.0,0.0,105,70
289.0,723.0,7711.596411926695,2.694153155582348,0.02660684473845918,199.86351103174175,12495.0,0.0,106,0
298.0,326.0,7711.596411926695,2.694153155582348,0.02660684473845918,199.86351103174175,12495.0,0.0,106,70
304.0,314.0,7711.596411926695,2.694153155582348,0.02660684473845918,199.86351103174175,12495.0,0.0,107,70
280.0,718.0,7711.596411926695,2.694153155582348,0.02660684473845918,199.86351103174175,12495.0,0.0,107,0
474.0,739.0,7711.596411926695,2.694153155582348,0.02660684473845918,199.86351103174175,12495.0,0.0,108,71
289.0,724.0,7711.596411926695,2.694153155582348,0.02660684473845918,199.86351103174175,12495.0,0.0,108,0
310.0,321.0,7711.596411926695,2.694153155582348,0.02660684473845918,199.86351103174175,12495.0,0.0,108,70
282.0,717.0,7711.596411926695,2.694153155582348,0.02660684473845918,199.86351103174175,12495.0,0.0,109,0
315.0,316.0,7711.596411926695,2.694153155582348,0.02660684473845918,199.86351103174175,12495.0,0.0,109,70
290.0,721.0,7711.596411926695,2.694153155582348,0.02660684473845918,199.86351103174175,12495.0,0.0,110,0
331.0,308.0,7711.596411926695,2.694153155582348,0.02660684473845918,199.86351103174175,12495.0,0.0,110,70
286.0,724.0,7711.596411926695,2.694153155582348,0.02660684473845918,199.86351103174175,12495.0,0.0,111,0
333.0,309.0,7711.596411926695,2.694153155582348,0.02660684473845918,199.86351103174175,12495.0,0.0,111,70
473.0,740.0,7711.596411926695,2.694153155582348,0.02660684473845918,199.86351103174175,12495.0,0.0,111,71
286.0,723.0,7711.596411926695,2.694153155582348,0.02660684473845918,199.86351103174175,12495.0,0.0,112,0
343.0,296.0,7711.596411926695,2.694153155582348,0.02660684473845918,199.86351103174175,12495.0,0.0,112,70
357.0,287.0,7711.596411926695,2.694153155582348,0.02660684473845918,199.86351103174175,12495.0,0.0,113,70
282.0,716.0,7711.596411926695,2.694153155582348,0.02660684473845918,199.86351103174175,12495.0,0.0,113,0
363.0,279.0,7711.596411926695,2.694153155582348,0.02660684473845918,199.86351103174175,12495.0,0.0,114,70
475.0,737.0,7711.596411926695,2.694153155582348,0.02660684473845918,199.86351103174175,12495.0,0.0,114,71
286.0,721.0,7711.596411926695,2.694153155582348,0.02660684473845918,199.86351103174175,12495.0,0.0,114,0
368.0,276.0,7711.596411926695,2.694153155582348,0.02660684473845918,199.86351103174175,12495.0,0.0,115,70
476.0,737.0,7711.596411926695,2.694153155582348,0.02660684473845918,199.86351103174175,12495.0,0.0,115,71
289.0,723.0,7711.596411926695,2.694153155582348,0.02660684473845918,199.86351103174175,12495.0,0.0,115,0
282.0,724.0,7711.596411926695,2.694153155582348,0.02660684473845918,199.86351103174175,12495.0,0.0,116,0
379.0,262.0,7711.596411926695,2.694153155582348,0.02660684473845918,199.86351103174175,12495.0,0.0,116,70
472.0,740.0,7711.596411926695,2.694153155582348,0.02660684473845918,199.86351103174175,12495.0,0.0,116,71
287.0,724.0,7711.596411926695,2.694153155582348,0.02660684473845918,199.86351103174175,12495.0,0.0,117,0
401.0,243.0,7711.596411926695,2.694153155582348,0.02660684473845918,199.86351103174175,12495.0,0.0,117,72
473.0,738.0,7711.596411926695,2.694153155582348,0.02660684473845918,199.86351103174175,12495.0,0.0,117,71
412.0,234.0,7711.596411926695,2.694153155582348,0.02660684473845918,199.86351103174175,12495.0,0.0,118,72
291.0,724.0,7711.596411926695,2.694153155582348,0.02660684473845918,199.86351103174175,12495.0,0.0,118,0
287.0,724.0,7711.596411926695,2.694153155582348,0.02660684473845918,199.86351103174175,12495.0,0.0,119,0
415.0,229.0,7711.596411926695,2.694153155582348,0.02660684473845918,199.86351103174175,12495.0,0.0,119,72
290.0,724.0,7711.596411926695,2.694153155582348,0.02660684473845918,199.86351103174175,12495.0,0.0,120,0
417.0,229.0,7711.596411926695,2.694153155582348,0.02660684473845918,199.86351103174175,12495.0,0.0,120,72
287.0,724.0,7711.596411926695,2.694153155582348,0.02660684473845918,199.86351103174175,12495.0,0.0,121,0
427.0,223.0,7711.596411926695,2.694153155582348,0.02660684473845918,199.86351103174175,12495.0,0.0,121,72
430.0,222.0,7711.596411926695,2.694153155582348,0.02660684473845918,199.86351103174175,12495.0,0.0,122,72
288.0,725.0,7711.596411926695,2.694153155582348,0.02660684473845918,199.86351103174175,12495.0,0.0,122,0
287.0,726.0,7711.596411926695,2.694153155582348,0.02660684473845918,199.86351103174175,12495.0,0.0,123,0
433.0,218.0,7711.596411926695,2.694153155582348,0.02660684473845918,199.86351103174175,12495.0,0.0,123,72
279.0,719.0,7711.596411926695,2.694153155582348,0.02660684473845918,199.86351103174175,12495.0,0.0,124,0
439.0,217.0,7711.596411926695,2.694153155582348,0.02660684473845918,199.86351103174175,12495.0,0.0,124,72
290.0,724.0,7711.596411926695,2.694153155582348,0.02660684473845918,199.86351103174175,12495.0,0.0,125,0
451.0,213.0,7711.596411926695,2.694153155582348,0.02660684473845918,199.86351103174175,12495.0,0.0,125,72
451.0,224.0,7711.596411926695,2.694153155582348,0.02660684473845918,199.86351103174175,12495.0,0.0,126,72
290.0,724.0,7711.596411926695,2.694153155582348,0.02660684473845918,199.86351103174175,12495.0,0.0,126,0
456.0,223.0,7711.596411926695,2.694153155582348,0.02660684473845918,199.86351103174175,12495.0,0.0,127,72
281.0,718.0,7711.596411926695,2.694153155582348,0.02660684473845918,199.86351103174175,12495.0,0.0,127,0
677.0,220.0,7711.596411926695,2.694153155582348,0.02660684473845918,199.86351103174175,12495.0,0.0,128,78
460.0,227.0,7711.596411926695,2.694153155582348,0.02660684473845918,199.86351103174175,12495.0,0.0,128,72
290.0,724.0,7711.596411926695,2.694153155582348,0.02660684473845918,199.86351103174175,12495.0,0.0,128,0
291.0,725.0,7711.596411926695,2.694153155582348,0.02660684473845918,199.86351103174175,12495.0,0.0,129,0
478.0,741.0,7711.596411926695,2.694153155582348,0.02660684473845918,199.86351103174175,12495.0,0.0,129,80
691.0,215.0,7711.596411926695,2.694153155582348,0.02660684473845918,199.86351103174175,12495.0,0.0,129,78
287.0,725.0,7711.596411926695,2.694153155582348,0.02660684473845918,199.86351103174175,12495.0,0.0,130,0
473.0,740.0,7711.596411926695,2.694153155582348,0.02660684473845918,199.86351103174175,12495.0,0.0,130,80
699.0,212.0,7711.596411926695,2.694153155582348,0.02660684473845918,199.86351103174175,12495.0,0.0,130,78
708.0,212.0,7711.596411926695,2.694153155582348,0.02660684473845918,199.86351103174175,12495.0,0.0,131,78
289.0,728.0,7711.596411926695,2.694153155582348,0.02660684473845918,199.86351103174175,12495.0,0.0,131,0
477.0,742.0,7711.596411926695,2.694153155582348,0.02660684473845918,199.86351103174175,12495.0,0.0,131,80
707.0,207.0,7711.596411926695,2.694153155582348,0.02660684473845918,199.86351103174175,12495.0,0.0,132,78
284.0,725.0,7711.596411926695,2.694153155582348,0.02660684473845918,199.86351103174175,12495.0,0.0,132,0
291.0,725.0,7711.596411926695,2.694153155582348,0.02660684473845918,199.86351103174175,12495.0,0.0,133,0
477.0,741.0,7711.596411926695,2.694153155582348,0.02660684473845918,199.86351103174175,12495.0,0.0,133,80
286.0,725.0,7711.596411926695,2.694153155582348,0.02660684473845918,199.86351103174175,12495.0,0.0,134,0
366.0,282.0,7711.596411926695,2.694153155582348,0.02660684473845918,199.86351103174175,12495.0,0.0,134,83
474.0,741.0,7711.596411926695,2.694153155582348,0.02660684473845918,199.86351103174175,12495.0,0.0,135,80
278.0,721.0,7711.596411926695,2.694153155582348,0.02660684473845918,199.86351103174175,12495.0,0.0,135,0
367.0,285.0,7711.596411926695,2.694153155582348,0.02660684473845918,199.86351103174175,12495.0,0.0,135,83
292.0,725.0,7711.596411926695,2.694153155582348,0.02660684473845918,199.86351103174175,12495.0,0.0,136,0
372.0,283.0,7711.596411926695,2.694153155582348,0.02660684473845918,199.86351103174175,12495.0,0.0,136,83
364.0,292.0,7711.596411926695,2.694153155582348,0.02660684473845918,199.86351103174175,12495.0,0.0,137,83
473.0,739.0,7711.596411926695,2.694153155582348,0.02660684473845918,199.86351103174175,12495.0,0.0,137,80
283.0,726.0,7711.596411926695,2.694153155582348,0.02660684473845918,199.86351103174175,12495.0,0.0,137,0
279.0,721.0,7711.596411926695,2.694153155582348,0.02660684473845918,199.86351103174175,12495.0,0.0,138,0
367.0,299.0,7711.596411926695,2.694153155582348,0.02660684473845918,199.86351103174175,12495.0,0.0,138,83
474.0,740.0,7711.596411926695,2.694153155582348,0.02660684473845918,199.86351103174175,12495.0,0.0,138,80
288.0,725.0,7711.596411926695,2.694153155582348,0.02660684473845918,199.86351103174175,12495.0,0.0,139,0
365.0,303.0,7711.596411926695,2.694153155582348,0.02660684473845918,199.86351103174175,12495.0,0.0,139,83
283.0,726.0,7711.596411926695,2.694153155582348,0.02660684473845918,199.86351103174175,12495.0,0.0,140,0
361.0,310.0,7711.596411926695,2.694153155582348,0.02660684473845918,199.86351103174175,12495.0,0.0,140,83
477.0,739.0,7711.596411926695,2.694153155582348,0.02660684473845918,199.86351103174175,12495.0,0.0,141,80
288.0,725.0,7711.596411926695,2.694153155582348,0.02660684473845918,199.86351103174175,12495.0,0.0,141,0
278.0,721.0,7711.596411926695,2.694153155582348,0.02660684473845918,199.86351103174175,12495.0,0.0,142,0
359.0,312.0,7711.596411926695,2.694153155582348,0.02660684473845918,199.86351103174175,12495.0,0.0,142,83
285.0,726.0,7711.596411926695,2.694153155582348,0.02660684473845918,199.86351103174175,12495.0,0.0,143,0
360.0,313.0,7711.596411926695,2.694153155582348,0.02660684473845918,199.86351103174175,12495.0,0.0,143,83
284.0,725.0,7711.596411926695,2.694153155582348,0.02660684473845918,199.86351103174175,12495.0,0.0,144,0
360.0,315.0,7711.596411926695,2.694153155582348,0.02660684473845918,199.86351103174175,12495.0,0.0,144,83
288.0,725.0,7711.596411926695,2.694153155582348,0.02660684473845918,199.86351103174175,12495.0,0.0,145,0
354.7470168749559,320.51330932711994,11100.654536245327,4.144038676920673,0.44994577291008814,171.64748594490763,21675.0,0.0,145,83
470.0,739.0,7711.596411926695,2.694153155582348,0.02660684473845918,199.86351103174175,12495.0,0.0,146,96
637.0,300.0,7711.596411926695,2.694153155582348,0.02660684473845918,199.86351103174175,12495.0,0.0,146,97
286.0,725.0,7711.596411926695,2.694153155582348,0.02660684473845918,199.86351103174175,12495.0,0.0,146,0
340.0,329.0,7711.596411926695,2.694153155582348,0.02660684473845918,199.86351103174175,12495.0,0.0,146,83
335.0,337.0,7711.596411926695,2.694153155582348,0.02660684473845918,199.86351103174175,12495.0,0.0,147,83
281.0,723.0,7711.596411926695,2.694153155582348,0.02660684473845918,199.86351103174175,12495.0,0.0,147,0
636.0,302.0,7711.596411926695,2.694153155582348,0.02660684473845918,199.86351103174175,12495.0,0.0,148,97
474.0,737.0,7711.596411926695,2.694153155582348,0.02660684473845918,199.86351103174175,12495.0,0.0,148,96
333.0,336.0,7711.596411926695,2.694153155582348,0.02660684473845918,199.86351103174175,12495.0,0.0,148,83
285.0,728.0,7711.596411926695,2.694153155582348,0.02660684473845918,199.86351103174175,12495.0,0.0,148,0
284.0,728.0,7711.596411926695,2.694153155582348,0.02660684473845918,199.86351103174175,12495.0,0.0,149,0
333.0,333.0,7711.596411926695,2.694153155582348,0.02660684473845918,199.86351103174175,12495.0,0.0,149,83
471.0,743.0,7711.596411926695,2.694153155582348,0.02660684473845918,199.86351103174175,12495.0,0.0,149,96
636.0,288.0,7711.596411926695,2.694153155582348,0.02660684473845918,199.86351103174175,12495.0,0.0,149,97
640.0,290.0,7711.596411926695,2.694153155582348,0.02660684473845918,199.86351103174175,12495.0,0.0,150,97
477.0,738.0,7711.596411926695,2.694153155582348,0.02660684473845918,199.86351103174175,12495.0,0.0,150,96
360.0,308.0,7711.596411926695,2.694153155582348,0.02660684473845918,199.86351103174175,12495.0,0.0,150,104
340.0,337.0,7711.596411926695,2.694153155582348,0.02660684473845918,199.86351103174175,12495.0,0.0,150,83
294.0,733.0,7711.596411926695,2.694153155582348,0.02660684473845918,199.86351103174175,12495.0,0.0,150,0
288.0,727.0,7711.596411926695,2.694153155582348,0.02660684473845918,199.86351103174175,12495.0,0.0,151,0
350.0,320.0,7711.596411926695,2.694153155582348,0.02660684473845918,199.86351103174175,12495.0,0.0,151,104
286.0,727.0,7711.596411926695,2.694153155582348,0.02660684473845918,199.86351103174175,12495.0,0.0,152,0
337.0,331.0,7711.596411926695,2.694153155582348,0.02660684473845918,199.86351103174175,12495.0,0.0,152,83
402.0,271.0,7711.596411926695,2.694153155582348,0.02660684473845918,199.86351103174175,12495.0,0.0,152,107
473.0,742.0,7711.596411926695,2.694153155582348,0.02660684473845918,199.86351103174175,12495.0,0.0,152,96
651.0,300.0,7711.596411926695,2.694153155582348,0.02660684473845918,199.86351103174175,12495.0,0.0,152,97
286.0,727.0,7711.596411926695,2.694153155582348,0.02660684473845918,199.86351103174175,12495.0,0.0,153,0
355.0,319.1185349377243,7425.517268685182,2.6455717778328394,0.00887955672798386,199.86351103174175,12495.0,0.0,153,104
477.0,740.0,7711.596411926695,2.694153155582348,0.02660684473845918,199.86351103174175,12495.0,0.0,154,96
364.0,314.0,7711.596411926695,2.694153155582348,0.02660684473845918,199.86351103174175,12495.0,0.0,154,104
289.0,728.0,7711.596411926695,2.694153155582348,0.02660684473845918,199.86351103174175,12495.0,0.0,154,0
285.0,726.0,7711.596411926695,2.694153155582348,0.02660684473845918,199.86351103174175,12495.0,0.0,155,0
351.0,322.0,7711.596411926695,2.694153155582348,0.02660684473845918,199.86351103174175,12495.0,0.0,155,104
390.0,281.0,7711.596411926695,2.694153155582348,0.02660684473845918,199.86351103174175,12495.0,0.0,155,107
283.0,721.0,7711.596411926695,2.694153155582348,0.02660684473845918,199.86351103174175,12495.0,0.0,156,0
355.0,320.0,7711.596411926695,2.694153155582348,0.02660684473845918,199.86351103174175,12495.0,0.0,156,104
393.0,282.0,7711.596411926695,2.694153155582348,0.02660684473845918,199.86351103174175,12495.0,0.0,156,107
276.0,723.0,7711.596411926695,2.694153155582348,0.02660684473845918,199.86351103174175,12495.0,0.0,157,0
477.0,741.0,7711.596411926695,2.694153155582348,0.02660684473845918,199.86351103174175,12495.0,0.0,158,96
730.0,344.0,7711.596411926695,2.694153155582348,0.02660684473845918,199.86351103174175,12495.0,0.0,158,114
391.0,284.0,7711.596411926695,2.694153155582348,0.02660684473845918,199.86351103174175,12495.0,0.0,158,107
290.0,727.0,7711.596411926695,2.694153155582348,0.02660684473845918,199.86351103174175,12495.0,0.0,158,0
278.0,721.0,7711.596411926695,2.694153155582348,0.02660684473845918,199.86351103174175,12495.0,0.0,159,0
388.0,289.0,7711.596411926695,2.694153155582348,0.02660684473845918,199.86351103174175,12495.0,0.0,159,107
722.0,326.0,7711.596411926695,2.694153155582348,0.02660684473845918,199.86351103174175,12495.0,0.0,159,114
468.0,741.0,7711.596411926695,2.694153155582348,0.02660684473845918,199.86351103174175,12495.0,0.0,160,96
708.0,319.0,7711.596411926695,2.694153155582348,0.02660684473845918,199.86351103174175,12495.0,0.0,160,114
273.0,722.0,7711.596411926695,2.694153155582348,0.02660684473845918,199.86351103174175,12495.0,0.0,160,0
383.0,288.0,7711.596411926695,2.694153155582348,0.02660684473845918,199.86351103174175,12495.0,0.0,160,107
283.0,726.0,7711.596411926695,2.694153155582348,0.02660684473845918,199.86351103174175,12495.0,0.0,161,0
398.0,277.0,7711.596411926695,2.694153155582348,0.02660684473845918,199.86351103174175,12495.0,0.0,161,107
698.0,304.0,7711.596411926695,2.694153155582348,0.02660684473845918,199.86351103174175,12495.0,0.0,161,114
274.0,720.0,7711.596411926695,2.694153155582348,0.02660684473845918,199.86351103174175,12495.0,0.0,162,0
405.0,273.0,7711.596411926695,2.694153155582348,0.02660684473845918,199.86351103174175,12495.0,0.0,162,107
691.0,292.0,7711.596411926695,2.694153155582348,0.02660684473845918,199.86351103174175,12495.0,0.0,162,114
471.0,739.0,7711.596411926695,2.694153155582348,0.02660684473845918,199.86351103174175,12495.0,0.0,163,96
685.0,271.0,7711.596411926695,2.694153155582348,0.02660684473845918,199.86351103174175,12495.0,0.0,163,115
414.0,267.0,7711.596411926695,2.694153155582348,0.02660684473845918,199.86351103174175,12495.0,0.0,163,107
276.0,719.0,7711.596411926695,2.694153155582348,0.02660684473845918,199.86351103174175,12495.0,0.0,163,0
279.0,721.0,7711.596411926695,2.694153155582348,0.02660684473845918,199.86351103174175,12495.0,0.0,164,0
433.0,249.0,7711.596411926695,2.694153155582348,0.02660684473845918,199.86351103174175,12495.0,0.0,164,117
670.0,282.0,7711.596411926695,2.694153155582348,0.02660684473845918,199.86351103174175,12495.0,0.0,164,115
281.0,723.0,7711.596411926695,2.694153155582348,0.02660684473845918,199.86351103174175,12495.0,0.0,165,0
421.0,262.0,7711.596411926695,2.694153155582348,0.02660684473845918,199.86351103174175,12495.0,0.0,165,107
657.0,293.0,7711.596411926695,2.694153155582348,0.02660684473845918,199.86351103174175,12495.0,0.0,165,115
276.0,719.0,7711.596411926695,2.694153155582348,0.02660684473845918,199.86351103174175,12495.0,0.0,166,0
420.0,259.0,7711.596411926695,2.694153155582348,0.02660684473845918,199.86351103174175,12495.0,0.0,166,107
641.0,291.0,7711.596411926695,2.694153155582348,0.02660684473845918,199.86351103174175,12495.0,0.0,166,115
631.0,304.0,7711.596411926695,2.694153155582348,0.02660684473845918,199.86351103174175,12495.0,0.0,167,115
283.0,726.0,7711.596411926695,2.694153155582348,0.02660684473845918,199.86351103174175,12495.0,0.0,167,0
428.0,255.0,7711.596411926695,2.694153155582348,0.02660684473845918,199.86351103174175,12495.0,0.0,167,117
440.0,250.0,7711.596411926695,2.694153155582348,0.02660684473845918,199.86351103174175,12495.0,0.0,168,117
277.0,719.0,7711.596411926695,2.694153155582348,0.02660684473845918,199.86351103174175,12495.0,0.0,168,0
289.0,730.0,7711.596411926695,2.694153155582348,0.02660684473845918,199.86351103174175,12495.0,0.0,169,0
432.0,258.0,7711.596411926695,2.694153155582348,0.02660684473845918,199.86351103174175,12495.0,0.0,169,117
459.0,237.0,7711.596411926695,2.694153155582348,0.02660684473845918,199.86351103174175,12495.0,0.0,169,121
626.0,307.0,7711.596411926695,2.694153155582348,0.02660684473845918,199.86351103174175,12495.0,0.0,170,115
442.0,255.0,7711.596411926695,2.694153155582348,0.02660684473845918,199.86351103174175,12495.0,0.0,170,117
479.0,225.0,7711.596411926695,2.694153155582348,0.02660684473845918,199.86351103174175,12495.0,0.0,170,129
288.0,724.0,7711.596411926695,2.694153155582348,0.02660684473845918,199.86351103174175,12495.0,0.0,170,0
463.0,239.0,7711.596411926695,2.694153155582348,0.02660684473845918,199.86351103174175,12495.0,0.0,171,121
616.0,292.0,7711.596411926695,2.694153155582348,0.02660684473845918,199.86351103174175,12495.0,0.0,171,115
290.0,725.0,7711.596411926695,2.694153155582348,0.02660684473845918,199.86351103174175,12495.0,0.0,171,0
282.0,721.0,7711.596411926695,2.694153155582348,0.02660684473845918,199.86351103174175,12495.0,0.0,172,0
452.0,247.0,7711.596411926695,2.694153155582348,0.02660684473845918,199.86351103174175,12495.0,0.0,172,117
481.0,233.0,7711.596411926695,2.694153155582348,0.02660684473845918,199.86351103174175,12495.0,0.0,172,129
612.0,279.0,7711.596411926695,2.694153155582348,0.02660684473845918,199.86351103174175,12495.0,0.0,172,115
287.0,725.0,7711.596411926695,2.694153155582348,0.02660684473845918,199.86351103174175,12495.0,0.0,173,0
471.0,236.0,7711.596411926695,2.694153155582348,0.02660684473845918,199.86351103174175,12495.0,0.0,173,121
608.0,261.0,7711.596411926695,2.694153155582348,0.02660684473845918,199.86351103174175,12495.0,0.0,173,115
595.0,263.0,7711.596411926695,2.694153155582348,0.02660684473845918,199.86351103174175,12495.0,0.0,174,115
485.0,225.0,7711.596411926695,2.694153155582348,0.02660684473845918,199.86351103174175,12495.0,0.0,174,129
288.0,725.0,7711.596411926695,2.694153155582348,0.02660684473845918,199.86351103174175,12495.0,0.0,174,0
471.0,242.0,7711.596411926695,2.694153155582348,0.02660684473845918,199.86351103174175,12495.0,0.0,174,121
285.0,725.0,7711.596411926695,2.694153155582348,0.02660684473845918,199.86351103174175,12495.0,0.0,175,0
485.0,228.0,7711.596411926695,2.694153155582348,0.02660684473845918,199.86351103174175,12495.0,0.0,175,129
581.0,271.0,7711.596411926695,2.694153155582348,0.02660684473845918,199.86351103174175,12495.0,0.0,175,115
287.0,729.0,7711.596411926695,2.694153155582348,0.02660684473845918,199.86351103174175,12495.0,0.0,176,0
497.0,222.0,7711.596411926695,2.694153155582348,0.02660684473845918,199.86351103174175,12495.0,0.0,176,129
573.0,272.0,7711.596411926695,2.694153155582348,0.02660684473845918,199.86351103174175,12495.0,0.0,176,115
558.0,277.0,7711.596411926695,2.694153155582348,0.02660684473845918,199.86351103174175,12495.0,0.0,177,115
290.0,726.0,7711.596411926695,2.694153155582348,0.02660684473845918,199.86351103174175,12495.0,0.0,177,0
506.0,217.0,7711.596411926695,2.694153155582348,0.02660684473845918,199.86351103174175,12495.0,0.0,177,129
514.0,211.0,7711.596411926695,2.694153155582348,0.02660684473845918,199.86351103174175,12495.0,0.0,178,129
550.0,275.0,7711.596411926695,2.694153155582348,0.02660684473845918,199.86351103174175,12495.0,0.0,178,115
289.0,724.0,7711.596411926695,2.694153155582348,0.02660684473845918,199.86351103174175,12495.0,0.0,178,0
276.0,720.0,7711.596411926695,2.694153155582348,0.02660684473845918,199.86351103174175,12495.0,0.0,179,0
517.0,212.0,7711.596411926695,2.694153155582348,0.02660684473845918,199.86351103174175,12495.0,0.0,179,129
553.0,286.0,7711.596411926695,2.694153155582348,0.02660684473845918,199.86351103174175,12495.0,0.0,179,115
288.0,727.0,7711.596411926695,2.694153155582348,0.02660684473845918,199.86351103174175,12495.0,0.0,180,0
524.0,215.0,7711.596411926695,2.694153155582348,0.02660684473845918,199.86351103174175,12495.0,0.0,180,129
567.0,276.0,7711.596411926695,2.694153155582348,0.02660684473845918,199.86351103174175,12495.0,0.0,180,115
583.0,266.0,7711.596411926695,2.694153155582348,0.02660684473845918,199.86351103174175,12495.0,0.0,181,115
288.0,727.0,7711.596411926695,2.694153155582348,0.02660684473845918,199.86351103174175,12495.0,0.0,181,0
530.0,212.0,7711.596411926695,2.694153155582348,0.02660684473845918,199.86351103174175,12495.0,0.0,181,129
278.0,720.0,7711.596411926695,2.694153155582348,0.02660684473845918,199.86351103174175,12495.0,0.0,182,0
531.0,212.0,7711.596411926695,2.694153155582348,0.02660684473845918,199.86351103174175,12495.0,0.0,182,129
586.0,259.0,7711.596411926695,2.694153155582348,0.02660684473845918,199.86351103174175,12495.0,0.0,182,115
281.0,721.0,7711.596411926695,2.694153155582348,0.02660684473845918,199.86351103174175,12495.0,0.0,183,0
542.0,211.0,7711.596411926695,2.694153155582348,0.02660684473845918,199.86351103174175,12495.0,0.0,183,129
590.0,254.0,7711.596411926695,2.694153155582348,0.02660684473845918,199.86351103174175,12495.0,0.0,183,115
550.0,204.0,7711.596411926695,2.694153155582348,0.02660684473845918,199.86351103174175,12495.0,0.0,184,129
590.0,252.0,7711.596411926695,2.694153155582348,0.02660684473845918,199.86351103174175,12495.0,0.0,184,115
468.0,739.0,7711.596411926695,2.694153155582348,0.02660684473845918,199.86351103174175,12495.0,0.0,184,137
283.0,726.0,7711.596411926695,2.694153155582348,0.02660684473845918,199.86351103174175,12495.0,0.0,184,0
286.0,723.0,7711.596411926695,2.694153155582348,0.02660684473845918,199.86351103174175,12495.0,0.0,185,0
477.0,737.0,7711.596411926695,2.694153155582348,0.02660684473845918,199.86351103174175,12495.0,0.0,185,137
562.0,203.0,7711.596411926695,2.694153155582348,0.02660684473845918,199.86351103174175,12495.0,0.0,185,129
585.0,260.0,7711.596411926695,2.694153155582348,0.02660684473845918,199.86351103174175,12495.0,0.0,185,115
577.0,197.0,7711.596411926695,2.694153155582348,0.02660684473845918,199.86351103174175,12495.0,0.0,186,129
289.0,723.0,7711.596411926695,2.694153155582348,0.02660684473845918,199.86351103174175,12495.0,0.0,186,0
478.0,738.0,7711.596411926695,2.694153155582348,0.02660684473845918,199.86351103174175,12495.0,0.0,186,137
283.0,724.0,7711.596411926695,2.694153155582348,0.02660684473845918,199.86351103174175,12495.0,0.0,187,0
471.0,738.0,7711.596411926695,2.694153155582348,0.02660684473845918,199.86351103174175,12495.0,0.0,187,137
581.0,202.0,7711.596411926695,2.694153155582348,0.02660684473845918,199.86351103174175,12495.0,0.0,187,129
588.0,202.0,7711.596411926695,2.694153155582348,0.02660684473845918,199.86351103174175,12495.0,0.0,188,129
286.0,724.0,7711.596411926695,2.694153155582348,0.02660684473845918,199.86351103174175,12495.0,0.0,188,0
477.0,737.0,7711.596411926695,2.694153155582348,0.02660684473845918,199.86351103174175,12495.0,0.0,188,137
579.0,212.0,7711.596411926695,2.694153155582348,0.02660684473845918,199.86351103174175,12495.0,0.0,189,129
282.0,719.0,7711.596411926695,2.694153155582348,0.02660684473845918,199.86351103174175,12495.0,0.0,189,0
476.0,740.0,7711.596411926695,2.694153155582348,0.02660684473845918,199.86351103174175,12495.0,0.0,189,137
287.0,724.0,7711.596411926695,2.694153155582348,0.02660684473845918,199.86351103174175,12495.0,0.0,190,0
475.0,738.0,7711.596411926695,2.694153155582348,0.02660684473845918,199.86351103174175,12495.0,0.0,190,137
571.0,317.0,7711.596411926695,2.694153155582348,0.02660684473845918,199.86351103174175,12495.0,0.0,190,139
587.0,213.0,7711.596411926695,2.694153155582348,0.02660684473845918,199.86351103174175,12495.0,0.0,190,129
285.0,725.0,7711.596411926695,2.694153155582348,0.02660684473845918,199.86351103174175,12495.0,0.0,191,0
573.0,317.0,7711.596411926695,2.694153155582348,0.02660684473845918,199.86351103174175,12495.0,0.0,191,139
580.0,216.0,7711.596411926695,2.694153155582348,0.02660684473845918,199.86351103174175,12495.0,0.0,191,129
281.0,719.0,7711.596411926695,2.694153155582348,0.02660684473845918,199.86351103174175,12495.0,0.0,192,0
477.0,739.0,7711.596411926695,2.694153155582348,0.02660684473845918,199.86351103174175,12495.0,0.0,192,137
578.0,316.0,7711.596411926695,2.694153155582348,0.02660684473845918,199.86351103174175,12495.0,0.0,192,139
587.0,217.0,7711.596411926695,2.694153155582348,0.02660684473845918,199.86351103174175,12495.0,0.0,192,129
588.0,218.0,7711.596411926695,2.694153155582348,0.02660684473845918,199.86351103174175,12495.0,0.0,193,129
286.0,726.0,7711.596411926695,2.694153155582348,0.02660684473845918,199.86351103174175,12495.0,0.0,193,0
567.0,304.0,7711.596411926695,2.694153155582348,0.02660684473845918,199.86351103174175,12495.0,0.0,193,139
286.0,727.0,7711.596411926695,2.694153155582348,0.02660684473845918,199.86351103174175,12495.0,0.0,194,0
477.0,735.0,7711.596411926695,2.694153155582348,0.02660684473845918,199.86351103174175,12495.0,0.0,194,137
563.0,287.0,7711.596411926695,2.694153155582348,0.02660684473845918,199.86351103174175,12495.0,0.0,194,139
589.9997967066477,221.00040658670463,7710.81263345206,2.69391278453272,0.02654714158739206,199.86351103174175,12495.0,0.0,194,129
621.0,196.0,7711.596411926695,2.694153155582348,0.02660684473845918,199.86351103174175,12495.0,0.0,195,147
550.0,267.0,7711.596411926695,2.694153155582348,0.02660684473845918,199.86351103174175,12495.0,0.0,195,148
586.0,227.0,7711.596411926695,2.694153155582348,0.02660684473845918,199.86351103174175,12495.0,0.0,195,129
471.0,737.0,7711.596411926695,2.694153155582348,0.02660684473845918,199.86351103174175,12495.0,0.0,195,137
280.0,737.0,7711.596411926695,2.694153155582348,0.02660684473845918,199.86351103174175,12495.0,0.0,195,0
290.0,723.0,7711.596411926695,2.694153155582348,0.02660684473845918,199.86351103174175,12495.0,0.0,196,0
476.0,738.0,7711.596411926695,2.694153155582348,0.02660684473845918,199.86351103174175,12495.0,0.0,196,137
542.0,268.0,7711.596411926695,2.694153155582348,0.02660684473845918,199.86351103174175,12495.0,0.0,196,148
625.0,196.0,7711.596411926695,2.694153155582348,0.02660684473845918,199.86351103174175,12495.0,0.0,196,147
284.0,726.0,7711.596411926695,2.694153155582348,0.02660684473845918,199.86351103174175,12495.0,0.0,197,0
526.0,272.0,7711.596411926695,2.694153155582348,0.02660684473845918,199.86351103174175,12495.0,0.0,197,148
628.0,195.0,7711.596411926695,2.694153155582348,0.02660684473845918,199.86351103174175,12495.0,0.0,197,147
282.0,725.0,7711.596411926695,2.694153155582348,0.02660684473845918,199.86351103174175,12495.0,0.0,198,0
508.0,272.0,7711.596411926695,2.694153155582348,0.02660684473845918,199.86351103174175,12495.0,0.0,198,148
621.0,202.0,7711.596411926695,2.694153155582348,0.02660684473845918,199.86351103174175,12495.0,0.0,198,147
656.0,174.0,7711.596411926695,2.694153155582348,0.02660684473845918,199.86351103174175,12495.0,0.0,198,154
649.0,184.0,7711.596411926695,2.694153155582348,0.02660684473845918,199.86351103174175,12495.0,0.0,199,154
513.0,274.0,7711.596411926695,2.694153155582348,0.02660684473845918,199.86351103174175,12495.0,0.0,199,148
470.0,739.0,7711.596411926695,2.694153155582348,0.02660684473845918,199.86351103174175,12495.0,0.0,199,137
281.0,724.0,7711.596411926695,2.694153155582348,0.02660684473845918,199.86351103174175,12495.0,0.0,199,0
284.0,725.0,7711.596411926695,2.694153155582348,0.02660684473845918,199.86351103174175,12495.0,0.0,200,0
473.0,740.0,7711.596411926695,2.694153155582348,0.02660684473845918,199.86351103174175,12495.0,0.0,200,137
526.0,274.0,7711.596411926695,2.694153155582348,0.02660684473845918,199.86351103174175,12495.0,0.0,200,148
659.0,183.0,7711.596411926695,2.694153155582348,0.02660684473845918,199.86351103174175,12495.0,0.0,200,154
277.0,719.0,7711.596411926695,2.694153155582348,0.02660684473845918,199.86351103174175,12495.0,0.0,201,0
545.0,276.0,7711.596411926695,2.694153155582348,0.02660684473845918,199.86351103174175,12495.0,0.0,201,148
664.0,183.0,7711.596411926695,2.694153155582348,0.02660684473845918,199.86351103174175,12495.0,0.0,201,154
669.0,177.0,7711.596411926695,2.694153155582348,0.02660684473845918,199.86351103174175,12495.0,0.0,202,154
567.0,288.0,7711.596411926695,2.694153155582348,0.02660684473845918,199.86351103174175,12495.0,0.0,202,155
477.0,734.0,7711.596411926695,2.694153155582348,0.02660684473845918,199.86351103174175,12495.0,0.0,202,137
288.0,727.0,7711.596411926695,2.694153155582348,0.02660684473845918,199.86351103174175,12495.0,0.0,202,0
668.0,178.0,7711.596411926695,2.694153155582348,0.02660684473845918,199.86351103174175,12495.0,0.0,203,154
556.0,297.0,7711.596411926695,2.694153155582348,0.02660684473845918,199.86351103174175,12495.0,0.0,203,155
282.0,724.0,7711.596411926695,2.694153155582348,0.02660684473845918,199.86351103174175,12495.0,0.0,203,0
470.0,738.0,7711.596411926695,2.694153155582348,0.02660684473845918,199.86351103174175,12495.0,0.0,203,137
286.0,724.0,7711.596411926695,2.694153155582348,0.02660684473845918,199.86351103174175,12495.0,0.0,204,0
471.0,739.0,7711.596411926695,2.694153155582348,0.02660684473845918,199.86351103174175,12495.0,0.0,204,137
561.0,310.0,7711.596411926695,2.694153155582348,0.02660684473845918,199.86351103174175,12495.0,0.0,204,155
671.0,181.0,7711.596411926695,2.694153155582348,0.02660684473845918,199.86351103174175,12495.0,0.0,204,154
277.0,720.0,7711.596411926695,2.694153155582348,0.02660684473845918,199.86351103174175,12495.0,0.0,205,0
470.0,740.0,7711.596411926695,2.694153155582348,0.02660684473845918,199.86351103174175,12495.0,0.0,205,137
571.0,326.0,7711.596411926695,2.694153155582348,0.02660684473845918,199.86351103174175,12495.0,0.0,205,155
672.0,173.0,7711.596411926695,2.694153155582348,0.02660684473845918,199.86351103174175,12495.0,0.0,205,154
290.0,723.0,7711.596411926695,2.694153155582348,0.02660684473845918,199.86351103174175,12495.0,0.0,206,0
478.0,737.0,7711.596411926695,2.694153155582348,0.02660684473845918,199.86351103174175,12495.0,0.0,206,137
685.0,164.0,7711.596411926695,2.694153155582348,0.02660684473845918,199.86351103174175,12495.0,0.0,206,154
690.0,145.0,7711.596411926695,2.694153155582348,0.02660684473845918,199.86351103174175,12495.0,0.0,207,154
287.0,725.0,7711.596411926695,2.694153155582348,0.02660684473845918,199.86351103174175,12495.0,0.0,207,0
473.0,740.0,7711.596411926695,2.694153155582348,0.02660684473845918,199.86351103174175,12495.0,0.0,207,137
285.0,726.0,7711.596411926695,2.694153155582348,0.02660684473845918,199.86351103174175,12495.0,0.0,208,0
473.0,741.0,7711.596411926695,2.694153155582348,0.02660684473845918,199.86351103174175,12495.0,0.0,208,137
693.0,139.0,7711.596411926695,2.694153155582348,0.02660684473845918,199.86351103174175,12495.0,0.0,208,154
285.0,725.0,7711.596411926695,2.694153155582348,0.02660684473845918,199.86351103174175,12495.0,0.0,209,0
691.0,140.0,7711.596411926695,2.694153155582348,0.02660684473845918,199.86351103174175,12495.0,0.0,209,154
692.0,140.0,7711.596411926695,2.694153155582348,0.02660684473845918,199.86351103174175,12495.0,0.0,210,154
279.0,720.0,7711.596411926695,2.694153155582348,0.02660684473845918,199.86351103174175,12495.0,0.0,210,0
284.0,726.0,7711.596411926695,2.694153155582348,0.02660684473845918,199.86351103174175,12495.0,0.0,211,0
687.0,131.0,7711.596411926695,2.694153155582348,0.02660684473845918,199.86351103174175,12495.0,0.0,211,154
281.0,727.0,7711.596411926695,2.694153155582348,0.02660684473845918,199.86351103174175,12495.0,0.0,212,0
467.0,741.0,7711.596411926695,2.694153155582348,0.02660684473845918,199.86351103174175,12495.0,0.0,212,137
687.0,124.0,7711.596411926695,2.694153155582348,0.02660684473845918,199.86351103174175,12495.0,0.0,212,154
287.0,725.0,7711.596411926695,2.694153155582348,0.02660684473845918,199.86351103174175,12495.0,0.0,213,0
473.0,738.0,7711.596411926695,2.694153155582348,0.02660684473845918,199.86351103174175,12495.0,0.0,213,137
689.0,126.0,7711.596411926695,2.694153155582348,0.02660684473845918,199.86351103174175,12495.0,0.0,213,154
691.0,129.0,7711.596411926695,2.694153155582348,0.02660684473845918,199.86351103174175,12495.0,0.0,214,154
286.0,725.0,7711.596411926695,2.694153155582348,0.02660684473845918,199.86351103174175,12495.0,0.0,214,0
474.0,741.0,7711.596411926695,2.694153155582348,0.02660684473845918,199.86351103174175,12495.0,0.0,214,137
274.0,722.0,7711.596411926695,2.694153155582348,0.02660684473845918,199.86351103174175,12495.0,0.0,215,0
474.0,738.0,7711.596411926695,2.694153155582348,0.02660684473845918,199.86351103174175,12495.0,0.0,215,137
691.0,119.0,7711.596411926695,2.694153155582348,0.02660684473845918,199.86351103174175,12495.0,0.0,215,154
276.0,722.0,7711.596411926695,2.694153155582348,0.02660684473845918,199.86351103174175,12495.0,0.0,216,0
473.0,742.0,7711.596411926695,2.694153155582348,0.02660684473845918,199.86351103174175,12495.0,0.0,216,137
700.0,118.0,7711.596411926695,2.694153155582348,0.02660684473845918,199.86351103174175,12495.0,0.0,216,154
463.0,744.0,7711.596411926695,2.694153155582348,0.02660684473845918,199.86351103174175,12495.0,0.0,217,137
693.0,115.0,7711.596411926695,2.694153155582348,0.02660684473845918,199.86351103174175,12495.0,0.0,217,154
269.0,725.0,7711.596411926695,2.694153155582348,0.02660684473845918,199.86351103174175,12495.0,0.0,217,0
279.0,730.0,7711.596411926695,2.694153155582348,0.02660684473845918,199.86351103174175,12495.0,0.0,218,0
463.0,742.0,7711.596411926695,2.694153155582348,0.02660684473845918,199.86351103174175,12495.0,0.0,218,137
697.0,103.0,7711.596411926695,2.694153155582348,0.02660684473845918,199.86351103174175,12495.0,0.0,218,154
267.0,724.0,7711.596411926695,2.694153155582348,0.02660684473845918,199.86351103174175,12495.0,0.0,219,0
463.0,744.0,7711.596411926695,2.694153155582348,0.02660684473845918,199.86351103174175,12495.0,0.0,219,137
690.0,101.0,7711.596411926695,2.694153155582348,0.02660684473845918,199.86351103174175,12495.0,0.0,219,154
283.0,728.0,7711.596411926695,2.694153155582348,0.02660684473845918,199.86351103174175,12495.0,0.0,220,0
468.0,741.0,7711.596411926695,2.694153155582348,0.02660684473845918,199.86351103174175,12495.0,0.0,220,137
692.0,103.0,7711.596411926695,2.694153155582348,0.02660684473845918,199.86351103174175,12495.0,0.0,220,154
271.0,722.0,7711.596411926695,2.694153155582348,0.02660684473845918,199.86351103174175,12495.0,0.0,221,0
467.0,740.0,7711.596411926695,2.694153155582348,0.02660684473845918,199.86351103174175,12495.0,0.0,221,137
695.0,101.0,7711.596411926695,2.694153155582348,0.02660684473845918,199.86351103174175,12495.0,0.0,221,154
280.0,726.0,7711.596411926695,2.694153155582348,0.02660684473845918,199.86351103174175,12495.0,0.0,222,0
693.0,102.0,7711.596411926695,2.694153155582348,0.02660684473845918,199.86351103174175,12495.0,0.0,222,154
280.0,727.0,7711.596411926695,2.694153155582348,0.02660684473845918,199.86351103174175,12495.0,0.0,223,0
694.0,101.0,7711.596411926695,2.694153155582348,0.02660684473845918,199.86351103174175,12495.0,0.0,223,154
470.0,739.0,7711.596411926695,2.694153155582348,0.02660684473845918,199.86351103174175,12495.0,0.0,224,137
699.0,102.0,7711.596411926695,2.694153155582348,0.02660684473845918,199.86351103174175,12495.0,0.0,224,154
282.0,726.0,7711.596411926695,2.694153155582348,0.02660684473845918,199.86351103174175,12495.0,0.0,224,0
282.0,726.0,7711.596411926695,2.694153155582348,0.02660684473845918,199.86351103174175,12495.0,0.0,225,0
469.0,741.0,7711.596411926695,2.694153155582348,0.02660684473845918,199.86351103174175,12495.0,0.0,225,137
703.0,100.0,7711.596411926695,2.694153155582348,0.02660684473845918,199.86351103174175,12495.0,0.0,225,154
282.0,725.0,7711.596411926695,2.694153155582348,0.02660684473845918,199.86351103174175,12495.0,0.0,226,0
714.0,89.0,7711.596411926695,2.694153155582348,0.02660684473845918,199.86351103174175,12495.0,0.0,226,154
278.0,719.0,7711.596411926695,2.694153155582348,0.02660684473845918,199.86351103174175,12495.0,0.0,227,0
721.0,91.0,7711.596411926695,2.694153155582348,0.02660684473845918,199.86351103174175,12495.0,0.0,227,154
277.0,725.0,7711.596411926695,2.694153155582348,0.02660684473845918,199.86351103174175,12495.0,0.0,228,0
470.0,740.0,7711.596411926695,2.694153155582348,0.02660684473845918,199.86351103174175,12495.0,0.0,228,137
722.0,91.0,7711.596411926695,2.694153155582348,0.02660684473845918,199.86351103174175,12495.0,0.0,228,154
280.0,724.0,7711.596411926695,2.694153155582348,0.02660684473845918,199.86351103174175,12495.0,0.0,229,0
467.0,739.0,7711.596411926695,2.694153155582348,0.02660684473845918,199.86351103174175,12495.0,0.0,229,137
728.0,93.0,7711.596411926695,2.694153155582348,0.02660684473845918,199.86351103174175,12495.0,0.0,229,154
724.0,98.0,7711.596411926695,2.694153155582348,0.02660684473845918,199.86351103174175,12495.0,0.0,230,154
466.0,741.0,7711.596411926695,2.694153155582348,0.02660684473845918,199.86351103174175,12495.0,0.0,230,137
279.0,727.0,7711.596411926695,2.694153155582348,0.02660684473845918,199.86351103174175,12495.0,0.0,230,0
281.0,727.0,7711.596411926695,2.694153155582348,0.02660684473845918,199.86351103174175,12495.0,0.0,231,0
732.0,98.0,7711.596411926695,2.694153155582348,0.02660684473845918,199.86351103174175,12495.0,0.0,231,154
283.0,727.0,7711.596411926695,2.694153155582348,0.02660684473845918,199.86351103174175,12495.0,0.0,232,0
467.0,741.0,7711.596411926695,2.694153155582348,0.02660684473845918,199.86351103174175,12495.0,0.0,232,137
735.0,92.0,7711.596411926695,2.694153155582348,0.02660684473845918,199.86351103174175,12495.0,0.0,232,154
270.0,722.0,7711.596411926695,2.694153155582348,0.02660684473845918,199.86351103174175,12495.0,0.0,233,0
466.0,741.0,7711.596411926695,2.694153155582348,0.02660684473845918,199.86351103174175,12495.0,0.0,233,137
729.0,96.0,7711.596411926695,2.694153155582348,0.02660684473845918,199.86351103174175,12495.0,0.0,233,154
282.0,726.0,7711.596411926695,2.694153155582348,0.02660684473845918,199.86351103174175,12495.0,0.0,234,0
470.0,742.0,7711.596411926695,2.694153155582348,0.02660684473845918,199.86351103174175,12495.0,0.0,234,137
737.0,95.0,7711.596411926695,2.694153155582348,0.02660684473845918,199.86351103174175,12495.0,0.0,234,154
736.0,94.0,7711.596411926695,2.694153155582348,0.02660684473845918,199.86351103174175,12495.0,0.0,235,154
270.0,722.0,7711.596411926695,2.694153155582348,0.02660684473845918,199.86351103174175,12495.0,0.0,235,0
197.0,13.0,7711.596411926695,2.694153155582348,0.02660684473845918,199.86351103174175,12495.0,0.0,235,169
467.0,742.0,7711.596411926695,2.694153155582348,0.02660684473845918,199.86351103174175,12495.0,0.0,235,137
206.0,19.0,7711.596411926695,2.694153155582348,0.02660684473845918,199.86351103174175,12495.0,0.0,236,169
285.0,734.0,7711.596411926695,2.694153155582348,0.02660684473845918,199.86351103174175,12495.0,0.0,236,0
468.0,742.0,7711.596411926695,2.694153155582348,0.02660684473845918,199.86351103174175,12495.0,0.0,236,137
737.0,97.0,7711.596411926695,2.694153155582348,0.02660684473845918,199.86351103174175,12495.0,0.0,236,154
282.0,728.0,7711.596411926695,2.694153155582348,0.02660684473845918,199.86351103174175,12495.0,0.0,237,0
216.0,21.0,7711.596411926695,2.694153155582348,0.02660684473845918,199.86351103174175,12495.0,0.0,237,169
735.0,96.0,7711.596411926695,2.694153155582348,0.02660684473845918,199.86351103174175,12495.0,0.0,237,154
741.0,94.0,7711.596411926695,2.694153155582348,0.02660684473845918,199.86351103174175,12495.0,0.0,238,154
287.0,728.0,7711.596411926695,2.694153155582348,0.02660684473845918,199.86351103174175,12495.0,0.0,238,0
472.0,741.0,7711.596411926695,2.694153155582348,0.02660684473845918,199.86351103174175,12495.0,0.0,238,137
234.0,24.0,7711.596411926695,2.694153155582348,0.02660684473845918,199.86351103174175,12495.0,0.0,239,169
284.0,727.0,7711.596411926695,2.694153155582348,0.02660684473845918,199.86351103174175,12495.0,0.0,239,0
470.0,741.0,7711.596411926695,2.694153155582348,0.02660684473845918,199.86351103174175,12495.0,0.0,239,137
738.0,87.0,7711.596411926695,2.694153155582348,0.02660684473845918,199.86351103174175,12495.0,0.0,239,154
742.0,90.0,7711.596411926695,2.694153155582348,0.02660684473845918,199.86351103174175,12495.0,0.0,240,154
245.0,25.0,7711.596411926695,2.694153155582348,0.02660684473845918,199.86351103174175,12495.0,0.0,240,169
275.0,719.0,7711.596411926695,2.694153155582348,0.02660684473845918,199.86351103174175,12495.0,0.0,240,0
274.0,722.0,7711.596411926695,2.694153155582348,0.02660684473845918,199.86351103174175,12495.0,0.0,241,0
738.0,89.0,7711.596411926695,2.694153155582348,0.02660684473845918,199.86351103174175,12495.0,0.0,241,154
251.0,31.0,7711.596411926695,2.694153155582348,0.02660684473845918,199.86351103174175,12495.0,0.0,241,169
467.0,740.0,7711.596411926695,2.694153155582348,0.02660684473845918,199.86351103174175,12495.0,0.0,242,137
741.0,90.0,7711.596411926695,2.694153155582348,0.02660684473845918,199.86351103174175,12495.0,0.0,242,154
276.0,722.0,7711.596411926695,2.694153155582348,0.02660684473845918,199.86351103174175,12495.0,0.0,242,0
469.0,740.0,7711.596411926695,2.694153155582348,0.02660684473845918,199.86351103174175,12495.0,0.0,243,137
741.0,95.0,7711.596411926695,2.694153155582348,0.02660684473845918,199.86351103174175,12495.0,0.0,243,154
264.0,29.0,7711.596411926695,2.694153155582348,0.02660684473845918,199.86351103174175,12495.0,0.0,243,169
284.0,726.0,7711.596411926695,2.694153155582348,0.02660684473845918,199.86351103174175,12495.0,0.0,243,0
268.0,23.0,7711.596411926695,2.694153155582348,0.02660684473845918,199.86351103174175,12495.0,0.0,244,169
275.0,720.0,7711.596411926695,2.694153155582348,0.02660684473845918,199.86351103174175,12495.0,0.0,244,0
742.0,94.0,7711.596411926695,2.694153155582348,0.02660684473845918,199.86351103174175,12495.0,0.0,244,154
743.0,98.0,7711.596411926695,2.694153155582348,0.02660684473845918,199.86351103174175,12495.0,0.0,245,154
472.0,743.0,7711.596411926695,2.694153155582348,0.02660684473845918,199.86351103174175,12495.0,0.0,245,137
285.0,728.0,7711.596411926695,2.694153155582348,0.02660684473845918,199.86351103174175,12495.0,0.0,245,0
273.0,19.0,7711.596411926695,2.694153155582348,0.02660684473845918,199.86351103174175,12495.0,0.0,245,169
275.0,14.0,7711.596411926695,2.694153155582348,0.02660684473845918,199.86351103174175,12495.0,0.0,246,169
278.0,721.0,7711.596411926695,2.694153155582348,0.02660684473845918,199.86351103174175,12495.0,0.0,246,0
474.0,741.0,7711.596411926695,2.694153155582348,0.02660684473845918,199.86351103174175,12495.0,0.0,246,137
740.0,93.0,7711.596411926695,2.694153155582348,0.02660684473845918,199.86351103174175,12495.0,0.0,246,154
271.0,15.0,7711.596411926695,2.694153155582348,0.02660684473845918,199.86351103174175,12495.0,0.0,247,169
284.0,727.0,7711.596411926695,2.694153155582348,0.02660684473845918,199.86351103174175,12495.0,0.0,247,0
468.0,741.0,7711.596411926695,2.694153155582348,0.02660684473845918,199.86351103174175,12495.0,0.0,247,137
741.0,96.0,7711.596411926695,2.694153155582348,0.02660684473845918,199.86351103174175,12495.0,0.0,247,154
274.0,16.0,7711.596411926695,2.694153155582348,0.02660684473845918,199.86351103174175,12495.0,0.0,248,169
285.0,727.0,7711.596411926695,2.694153155582348,0.02660684473845918,199.86351103174175,12495.0,0.0,248,0
744.0,102.0,7711.596411926695,2.694153155582348,0.02660684473845918,199.86351103174175,12495.0,0.0,248,154
473.0,739.0,7711.596411926695,2.694153155582348,0.02660684473845918,199.86351103174175,12495.0,0.0,249,137
744.0,95.0,7711.596411926695,2.694153155582348,0.02660684473845918,199.86351103174175,12495.0,0.0,249,154
14.0,146.0,7711.596411926695,2.694153155582348,0.02660684473845918,199.86351103174175,12495.0,0.0,249,175
285.0,724.0,7711.596411926695,2.694153155582348,0.02660684473845918,199.86351103174175,12495.0,0.0,249,0
743.0,98.0,7711.596411926695,2.694153155582348,0.02660684473845918,199.86351103174175,12495.0,0.0,250,154
472.0,741.0,7711.596411926695,2.694153155582348,0.02660684473845918,199.86351103174175,12495.0,0.0,250,137
23.0,148.0,7711.596411926695,2.694153155582348,0.02660684473845918,199.86351103174175,12495.0,0.0,250,175
284.0,727.0,7711.596411926695,2.694153155582348,0.02660684473845918,199.86351103174175,12495.0,0.0,250,0
24.0,145.0,7711.596411926695,2.694153155582348,0.02660684473845918,199.86351103174175,12495.0,0.0,251,175
288.0,724.0,7711.596411926695,2.694153155582348,0.02660684473845918,199.86351103174175,12495.0,0.0,251,0
744.0,96.0,7711.596411926695,2.694153155582348,0.02660684473845918,199.86351103174175,12495.0,0.0,251,154
20.0,152.0,7711.596411926695,2.694153155582348,0.02660684473845918,199.86351103174175,12495.0,0.0,252,175
283.0,726.0,7711.596411926695,2.694153155582348,0.02660684473845918,199.86351103174175,12495.0,0.0,252,0
740.0,100.0,7711.596411926695,2.694153155582348,0.02660684473845918,199.86351103174175,12495.0,0.0,252,154
33.0,151.0,7711.596411926695,2.694153155582348,0.02660684473845918,199.86351103174175,12495.0,0.0,253,175
276.0,728.0,7711.596411926695,2.694153155582348,0.02660684473845918,199.86351103174175,12495.0,0.0,253,0
465.0,742.0,7711.596411926695,2.694153155582348,0.02660684473845918,199.86351103174175,12495.0,0.0,253,137
736.0,102.0,7711.596411926695,2.694153155582348,0.02660684473845918,199.86351103174175,12495.0,0.0,253,154
739.0,104.0,7711.596411926695,2.694153155582348,0.02660684473845918,199.86351103174175,12495.0,0.0,254,154
15.0,245.0,7711.596411926695,2.694153155582348,0.02660684473845918,199.86351103174175,12495.0,0.0,254,183
282.0,728.0,7711.596411926695,2.694153155582348,0.02660684473845918,199.86351103174175,12495.0,0.0,254,0
43.0,150.0,7711.596411926695,2.694153155582348,0.02660684473845918,199.86351103174175,12495.0,0.0,254,175
468.0,739.0,7711.596411926695,2.694153155582348,0.02660684473845918,199.86351103174175,12495.0,0.0,254,137
15.0,237.0,7711.596411926695,2.694153155582348,0.02660684473845918,199.86351103174175,12495.0,0.0,255,183
53.0,163.0,7711.596411926695,2.694153155582348,0.02660684473845918,199.86351103174175,12495.0,0.0,255,175
276.0,721.0,7711.596411926695,2.694153155582348,0.02660684473845918,199.86351103174175,12495.0,0.0,255,0
740.0,115.0,7711.596411926695,2.694153155582348,0.02660684473845918,199.86351103174175,12495.0,0.0,255,154
744.0,111.0,7711.596411926695,2.694153155582348,0.02660684473845918,199.86351103174175,12495.0,0.0,256,154
277.0,721.0,7711.596411926695,2.694153155582348,0.02660684473845918,199.86351103174175,12495.0,0.0,256,0
20.0,227.0,7711.596411926695,2.694153155582348,0.02660684473845918,199.86351103174175,12495.0,0.0,256,183
23.0,216.0,7711.596411926695,2.694153155582348,0.02660684473845918,199.86351103174175,12495.0,0.0,257,183
285.0,725.0,7711.596411926695,2.694153155582348,0.02660684473845918,199.86351103174175,12495.0,0.0,257,0
474.0,740.0,7711.596411926695,2.694153155582348,0.02660684473845918,199.86351103174175,12495.0,0.0,257,137
745.0,111.0,7711.596411926695,2.694153155582348,0.02660684473845918,199.86351103174175,12495.0,0.0,257,154
477.0,739.0,7711.596411926695,2.694153155582348,0.02660684473845918,199.86351103174175,12495.0,0.0,258,137
748.0,111.0,7711.596411926695,2.694153155582348,0.02660684473845918,199.86351103174175,12495.0,0.0,258,154
287.0,727.0,7711.596411926695,2.694153155582348,0.02660684473845918,199.86351103174175,12495.0,0.0,258,0
740.0,112.0,7711.596411926695,2.694153155582348,0.02660684473845918,199.86351103174175,12495.0,0.0,259,154
464.0,742.0,7711.596411926695,2.694153155582348,0.02660684473845918,199.86351103174175,12495.0,0.0,259,137
279.0,727.0,7711.596411926695,2.694153155582348,0.02660684473845918,199.86351103174175,12495.0,0.0,259,0
279.0,719.0,7711.596411926695,2.694153155582348,0.02660684473845918,199.86351103174175,12495.0,0.0,260,0
474.0,738.0,7711.596411926695,2.694153155582348,0.02660684473845918,199.86351103174175,12495.0,0.0,260,137
748.0,110.0,7711.596411926695,2.694153155582348,0.02660684473845918,199.86351103174175,12495.0,0.0,260,154
275.0,720.0,7711.596411926695,2.694153155582348,0.02660684473845918,199.86351103174175,12495.0,0.0,261,0
469.0,741.0,7711.596411926695,2.694153155582348,0.02660684473845918,199.86351103174175,12495.0,0.0,261,137
744.0,112.0,7711.596411926695,2.694153155582348,0.02660684473845918,199.86351103174175,12495.0,0.0,261,154
280.0,725.0,7711.596411926695,2.694153155582348,0.02660684473845918,199.86351103174175,12495.0,0.0,262,0
469.0,740.0,7711.596411926695,2.694153155582348,0.02660684473845918,199.86351103174175,12495.0,0.0,262,137
744.0,113.0,7711.596411926695,2.694153155582348,0.02660684473845918,199.86351103174175,12495.0,0.0,262,154
753.0,109.0,7711.596411926695,2.694153155582348,0.02660684473845918,199.86351103174175,12495.0,0.0,263,154
478.0,735.0,7711.596411926695,2.694153155582348,0.02660684473845918,199.86351103174175,12495.0,0.0,263,137
286.0,726.0,7711.596411926695,2.694153155582348,0.02660684473845918,199.86351103174175,12495.0,0.0,263,0
129.0,259.0,7711.596411926695,2.694153155582348,0.02660684473845918,199.86351103174175,12495.0,0.0,264,196
283.0,725.0,7711.596411926695,2.694153155582348,0.02660684473845918,199.86351103174175,12495.0,0.0,264,0
469.0,740.0,7711.596411926695,2.694153155582348,0.02660684473845918,199.86351103174175,12495.0,0.0,264,137
750.0,113.0,7711.596411926695,2.694153155582348,0.02660684473845918,199.86351103174175,12495.0,0.0,264,154
128.0,271.0,7711.596411926695,2.694153155582348,0.02660684473845918,199.86351103174175,12495.0,0.0,265,196
283.0,724.0,7711.596411926695,2.694153155582348,0.02660684473845918,199.86351103174175,12495.0,0.0,265,0
470.0,740.0,7711.596411926695,2.694153155582348,0.02660684473845918,199.86351103174175,12495.0,0.0,265,137
747.0,117.0,7711.596411926695,2.694153155582348,0.02660684473845918,199.86351103174175,12495.0,0.0,265,154
743.0,119.0,7711.596411926695,2.694153155582348,0.02660684473845918,199.86351103174175,12495.0,0.0,266,154
469.0,740.0,7711.596411926695,2.694153155582348,0.02660684473845918,199.86351103174175,12495.0,0.0,266,137
283.0,725.0,7711.596411926695,2.694153155582348,0.02660684473845918,199.86351103174175,12495.0,0.0,266,0
134.0,277.0,7711.596411926695,2.694153155582348,0.02660684473845918,199.86351103174175,12495.0,0.0,266,196
134.0,291.0,7711.596411926695,2.694153155582348,0.02660684473845918,199.86351103174175,12495.0,0.0,267,196
285.0,725.0,7711.596411926695,2.694153155582348,0.02660684473845918,199.86351103174175,12495.0,0.0,267,0
469.0,739.0,7711.596411926695,2.694153155582348,0.02660684473845918,199.86351103174175,12495.0,0.0,267,137
749.0,114.0,7711.596411926695,2.694153155582348,0.02660684473845918,199.86351103174175,12495.0,0.0,267,154
138.0,305.0,7711.596411926695,2.694153155582348,0.02660684473845918,199.86351103174175,12495.0,0.0,268,196
291.0,725.0,7711.596411926695,2.694153155582348,0.02660684473845918,199.86351103174175,12495.0,0.0,268,0
478.0,739.0,7711.596411926695,2.694153155582348,0.02660684473845918,199.86351103174175,12495.0,0.0,268,137
752.0,117.0,7711.596411926695,2.694153155582348,0.02660684473845918,199.86351103174175,12495.0,0.0,268,154
123.0,319.0,7711.596411926695,2.694153155582348,0.02660684473845918,199.86351103174175,12495.0,0.0,269,197
271.0,719.0,7711.596411926695,2.694153155582348,0.02660684473845918,199.86351103174175,12495.0,0.0,269,198
742.0,118.0,7711.596411926695,2.694153155582348,0.02660684473845918,199.86351103174175,12495.0,0.0,269,154
747.0,119.0,7711.596411926695,2.694153155582348,0.02660684473845918,199.86351103174175,12495.0,0.0,270,154
278.0,719.0,7711.596411926695,2.694153155582348,0.02660684473845918,199.86351103174175,12495.0,0.0,270,198
123.0,334.0,7711.596411926695,2.694153155582348,0.02660684473845918,199.86351103174175,12495.0,0.0,270,197
117.0,350.0,7711.596411926695,2.694153155582348,0.02660684473845918,199.86351103174175,12495.0,0.0,271,197
281.0,727.0,7711.596411926695,2.694153155582348,0.02660684473845918,199.86351103174175,12495.0,0.0,271,198
738.0,127.0,7711.596411926695,2.694153155582348,0.02660684473845918,199.86351103174175,12495.0,0.0,271,154
115.0,354.0,7711.596411926695,2.694153155582348,0.02660684473845918,199.86351103174175,12495.0,0.0,272,197
282.0,718.0,7711.596411926695,2.694153155582348,0.02660684473845918,199.86351103174175,12495.0,0.0,272,198
475.0,738.0,7711.596411926695,2.694153155582348,0.02660684473845918,199.86351103174175,12495.0,0.0,272,137
738.0,138.0,7711.596411926695,2.694153155582348,0.02660684473845918,199.86351103174175,12495.0,0.0,272,154
779.0,72.0,7711.596411926695,2.694153155582348,0.02660684473845918,199.86351103174175,12495.0,0.0,272,199
114.0,371.0,7711.596411926695,2.694153155582348,0.02660684473845918,199.86351103174175,12495.0,0.0,273,197
279.0,719.0,7711.596411926695,2.694153155582348,0.02660684473845918,199.86351103174175,12495.0,0.0,273,198
474.0,740.0,7711.596411926695,2.694153155582348,0.02660684473845918,199.86351103174175,12495.0,0.0,273,137
747.0,123.0,7711.596411926695,2.694153155582348,0.02660684473845918,199.86351103174175,12495.0,0.0,273,154
288.0,725.0,7711.596411926695,2.694153155582348,0.02660684473845918,199.86351103174175,12495.0,0.0,274,198
474.0,740.0,7711.596411926695,2.694153155582348,0.02660684473845918,199.86351103174175,12495.0,0.0,274,137
101.0,384.0,7711.596411926695,2.694153155582348,0.02660684473845918,199.86351103174175,12495.0,0.0,274,197
749.0,119.0,7711.596411926695,2.694153155582348,0.02660684473845918,199.86351103174175,12495.0,0.0,274,154
781.0,62.0,7711.596411926695,2.694153155582348,0.02660684473845918,199.86351103174175,12495.0,0.0,275,199
472.0,741.0,7711.596411926695,2.694153155582348,0.02660684473845918,199.86351103174175,12495.0,0.0,275,137
283.0,726.0,7711.596411926695,2.694153155582348,0.02660684473845918,199.86351103174175,12495.0,0.0,275,198
92.0,389.0,7711.596411926695,2.694153155582348,0.02660684473845918,199.86351103174175,12495.0,0.0,275,197
86.0,388.0,7711.596411926695,2.694153155582348,0.02660684473845918,199.86351103174175,12495.0,0.0,276,197
283.0,725.0,7711.596411926695,2.694153155582348,0.02660684473845918,199.86351103174175,12495.0,0.0,276,198
474.0,739.0,7711.596411926695,2.694153155582348,0.02660684473845918,199.86351103174175,12495.0,0.0,276,137
781.0,64.0,7711.596411926695,2.694153155582348,0.02660684473845918,199.86351103174175,12495.0,0.0,276,199
81.0,394.0,7711.596411926695,2.694153155582348,0.02660684473845918,199.86351103174175,12495.0,0.0,277,197
284.0,723.0,7711.596411926695,2.694153155582348,0.02660684473845918,199.86351103174175,12495.0,0.0,277,198
475.0,739.0,7711.596411926695,2.694153155582348,0.02660684473845918,199.86351103174175,12495.0,0.0,277,137
774.0,80.0,7711.596411926695,2.694153155582348,0.02660684473845918,199.86351103174175,12495.0,0.0,277,199
744.0,122.0,7711.596411926695,2.694153155582348,0.02660684473845918,199.86351103174175,12495.0,0.0,278,154
473.0,738.0,7711.596411926695,2.694153155582348,0.02660684473845918,199.86351103174175,12495.0,0.0,278,137
786.0,59.0,7711.596411926695,2.694153155582348,0.02660684473845918,199.86351103174175,12495.0,0.0,278,201
68.0,399.0,7711.596411926695,2.694153155582348,0.02660684473845918,199.86351103174175,12495.0,0.0,278,197
279.0,717.0,7711.596411926695,2.694153155582348,0.02660684473845918,199.86351103174175,12495.0,0.0,278,198
9.0,130.0,7711.596411926695,2.694153155582348,0.02660684473845918,199.86351103174175,12495.0,0.0,279,202
56.0,398.0,7711.596411926695,2.694153155582348,0.02660684473845918,199.86351103174175,12495.0,0.0,279,197
281.0,724.0,7711.596411926695,2.694153155582348,0.02660684473845918,199.86351103174175,12495.0,0.0,279,198
471.0,736.0,7711.596411926695,2.694153155582348,0.02660684473845918,199.86351103174175,12495.0,0.0,279,137
744.0,116.0,7711.596411926695,2.694153155582348,0.02660684473845918,199.86351103174175,12495.0,0.0,279,154
788.0,51.0,7711.596411926695,2.694153155582348,0.02660684473845918,199.86351103174175,12495.0,0.0,279,201
762.0,95.0,7711.596411926695,2.694153155582348,0.02660684473845918,199.86351103174175,12495.0,0.0,280,199
285.0,724.0,7711.596411926695,2.694153155582348,0.02660684473845918,199.86351103174175,12495.0,0.0,280,198
49.0,418.0,7711.596411926695,2.694153155582348,0.02660684473845918,199.86351103174175,12495.0,0.0,280,203
13.0,136.0,7711.596411926695,2.694153155582348,0.02660684473845918,199.86351103174175,12495.0,0.0,280,202
19.0,153.0,7711.596411926695,2.694153155582348,0.02660684473845918,199.86351103174175,12495.0,0.0,281,202
36.0,423.0,7711.596411926695,2.694153155582348,0.02660684473845918,199.86351103174175,12495.0,0.0,281,203
274.0,717.0,7711.596411926695,2.694153155582348,0.02660684473845918,199.86351103174175,12495.0,0.0,281,198
471.0,736.0,7711.596411926695,2.694153155582348,0.02660684473845918,199.86351103174175,12495.0,0.0,281,137
763.0,86.0,7711.596411926695,2.694153155582348,0.02660684473845918,199.86351103174175,12495.0,0.0,281,199
762.0,82.0,7711.596411926695,2.694153155582348,0.02660684473845918,199.86351103174175,12495.0,0.0,282,199
463.0,738.0,7711.596411926695,2.694153155582348,0.02660684473845918,199.86351103174175,12495.0,0.0,282,137
10.0,137.0,7711.596411926695,2.694153155582348,0.02660684473845918,199.86351103174175,12495.0,0.0,282,202
29.0,430.0,7711.596411926695,2.694153155582348,0.02660684473845918,199.86351103174175,12495.0,0.0,282,203
276.0,724.0,7711.596411926695,2.694153155582348,0.02660684473845918,199.86351103174175,12495.0,0.0,282,198
13.0,132.0,7711.596411926695,2.694153155582348,0.02660684473845918,199.86351103174175,12495.0,0.0,283,202
33.0,438.0,7711.596411926695,2.694153155582348,0.02660684473845918,199.86351103174175,12495.0,0.0,283,203
274.0,717.0,7711.596411926695,2.694153155582348,0.02660684473845918,199.86351103174175,12495.0,0.0,283,198
777.0,65.0,7711.596411926695,2.694153155582348,0.02660684473845918,199.86351103174175,12495.0,0.0,283,201
15.0,128.0,7711.596411926695,2.694153155582348,0.02660684473845918,199.86351103174175,12495.0,0.0,284,202
36.0,443.0,7711.596411926695,2.694153155582348,0.02660684473845918,199.86351103174175,12495.0,0.0,284,203
274.0,719.0,7711.596411926695,2.694153155582348,0.02660684473845918,199.86351103174175,12495.0,0.0,284,198
771.0,72.0,7711.596411926695,2.694153155582348,0.02660684473845918,199.86351103174175,12495.0,0.0,284,201
468.0,737.0,7711.596411926695,2.694153155582348,0.02660684473845918,199.86351103174175,12495.0,0.0,285,137
273.0,719.0,7711.596411926695,2.694153155582348,0.02660684473845918,199.86351103174175,12495.0,0.0,285,198
780.0,60.0,7711.596411926695,2.694153155582348,0.02660684473845918,199.86351103174175,12495.0,0.0,285,201
21.0,126.0,7711.596411926695,2.694153155582348,0.02660684473845918,199.86351103174175,12495.0,0.0,285,202
44.0,446.0,7711.596411926695,2.694153155582348,0.02660684473845918,199.86351103174175,12495.0,0.0,285,203
23.0,128.0,7711.596411926695,2.694153155582348,0.02660684473845918,199.86351103174175,12495.0,0.0,286,202
57.0,450.0,7711.596411926695,2.694153155582348,0.02660684473845918,199.86351103174175,12495.0,0.0,286,203
282.0,724.0,7711.596411926695,2.694153155582348,0.02660684473845918,199.86351103174175,12495.0,0.0,286,198
470.0,737.0,7711.596411926695,2.694153155582348,0.02660684473845918,199.86351103174175,12495.0,0.0,286,137
787.0,50.0,7711.596411926695,2.694153155582348,0.02660684473845918,199.86351103174175,12495.0,0.0,286,201
789.0,45.0,7711.596411926695,2.694153155582348,0.02660684473845918,199.86351103174175,12495.0,0.0,287,201
470.0,738.0,7711.596411926695,2.694153155582348,0.02660684473845918,199.86351103174175,12495.0,0.0,287,137
42.0,128.0,7711.596411926695,2.694153155582348,0.02660684473845918,199.86351103174175,12495.0,0.0,287,202
282.0,725.0,7711.596411926695,2.694153155582348,0.02660684473845918,199.86351103174175,12495.0,0.0,287,198
780.0,51.0,7711.596411926695,2.694153155582348,0.02660684473845918,199.86351103174175,12495.0,0.0,288,201
66.0,133.0,7711.596411926695,2.694153155582348,0.02660684473845918,199.86351103174175,12495.0,0.0,288,205
275.0,728.0,7711.596411926695,2.694153155582348,0.02660684473845918,199.86351103174175,12495.0,0.0,288,198
789.0,52.0,7711.596411926695,2.694153155582348,0.02660684473845918,199.86351103174175,12495.0,0.0,289,201
283.0,728.0,7711.596411926695,2.694153155582348,0.02660684473845918,199.86351103174175,12495.0,0.0,289,198
81.0,139.0,7711.596411926695,2.694153155582348,0.02660684473845918,199.86351103174175,12495.0,0.0,289,205
772.0,71.0,7711.596411926695,2.694153155582348,0.02660684473845918,199.86351103174175,12495.0,0.0,290,207
470.0,741.0,7711.596411926695,2.694153155582348,0.02660684473845918,199.86351103174175,12495.0,0.0,290,137
281.0,731.0,7711.596411926695,2.694153155582348,0.02660684473845918,199.86351103174175,12495.0,0.0,290,198
107.0,468.0,7711.596411926695,2.694153155582348,0.02660684473845918,199.86351103174175,12495.0,0.0,290,217
92.0,142.0,7711.596411926695,2.694153155582348,0.02660684473845918,199.86351103174175,12495.0,0.0,290,205
772.0,73.0,7711.596411926695,2.694153155582348,0.02660684473845918,199.86351103174175,12495.0,0.0,291,207
468.0,742.0,7711.596411926695,2.694153155582348,0.02660684473845918,199.86351103174175,12495.0,0.0,291,137
104.0,143.0,7711.596411926695,2.694153155582348,0.02660684473845918,199.86351103174175,12495.0,0.0,291,205
105.0,465.0,7711.596411926695,2.694153155582348,0.02660684473845918,199.86351103174175,12495.0,0.0,291,217
273.0,721.0,7711.596411926695,2.694153155582348,0.02660684473845918,199.86351103174175,12495.0,0.0,291,198
469.0,740.0,7711.596411926695,2.694153155582348,0.02660684473845918,199.86351103174175,12495.0,0.0,292,137
109.0,140.0,7711.596411926695,2.694153155582348,0.02660684473845918,199.86351103174175,12495.0,0.0,292,205
113.0,482.0,7711.596411926695,2.694153155582348,0.02660684473845918,199.86351103174175,12495.0,0.0,292,217
279.0,726.0,7711.596411926695,2.694153155582348,0.02660684473845918,199.86351103174175,12495.0,0.0,292,198
773.0,70.0,7711.596411926695,2.694153155582348,0.02660684473845918,199.86351103174175,12495.0,0.0,292,207
773.0,81.0,7711.596411926695,2.694153155582348,0.02660684473845918,199.86351103174175,12495.0,0.0,293,207
290.0,725.0,7711.596411926695,2.694153155582348,0.02660684473845918,199.86351103174175,12495.0,0.0,293,198
476.0,740.0,7711.596411926695,2.694153155582348,0.02660684473845918,199.86351103174175,12495.0,0.0,293,137
110.0,470.0,7711.596411926695,2.694153155582348,0.02660684473845918,199.86351103174175,12495.0,0.0,293,217
119.0,473.0,7711.596411926695,2.694153155582348,0.02660684473845918,199.86351103174175,12495.0,0.0,294,217
275.0,721.0,7711.596411926695,2.694153155582348,0.02660684473845918,199.86351103174175,12495.0,0.0,294,198
771.0,74.0,7711.596411926695,2.694153155582348,0.02660684473845918,199.86351103174175,12495.0,0.0,294,207
763.0,82.0,7711.596411926695,2.694153155582348,0.02660684473845918,199.86351103174175,12495.0,0.0,295,207
468.0,741.0,7711.596411926695,2.694153155582348,0.02660684473845918,199.86351103174175,12495.0,0.0,295,137
271.0,723.0,7711.596411926695,2.694153155582348,0.02660684473845918,199.86351103174175,12495.0,0.0,295,198
118.0,481.0,7711.596411926695,2.694153155582348,0.02660684473845918,199.86351103174175,12495.0,0.0,295,217
121.0,485.0,7711.596411926695,2.694153155582348,0.02660684473845918,199.86351103174175,12495.0,0.0,296,217
274.0,721.0,7711.596411926695,2.694153155582348,0.02660684473845918,199.86351103174175,12495.0,0.0,296,198
766.0,81.0,7711.596411926695,2.694153155582348,0.02660684473845918,199.86351103174175,12495.0,0.0,296,207
756.0,88.0,7711.596411926695,2.694153155582348,0.02660684473845918,199.86351103174175,12495.0,0.0,297,207
463.0,742.0,7711.596411926695,2.694153155582348,0.02660684473845918,199.86351103174175,12495.0,0.0,297,137
115.0,508.0,7711.596411926695,2.694153155582348,0.02660684473845918,199.86351103174175,12495.0,0.0,297,223
280.0,729.0,7711.596411926695,2.694153155582348,0.02660684473845918,199.86351103174175,12495.0,0.0,297,198
126.0,510.0,7711.596411926695,2.694153155582348,0.02660684473845918,199.86351103174175,12495.0,0.0,298,223
745.0,93.0,7711.596411926695,2.694153155582348,0.02660684473845918,199.86351103174175,12495.0,0.0,298,207
747.0,95.0,7711.596411926695,2.694153155582348,0.02660684473845918,199.86351103174175,12495.0,0.0,299,207
142.0,499.0,7711.596411926695,2.694153155582348,0.02660684473845918,199.86351103174175,12495.0,0.0,299,223
271.0,732.0,7711.596411926695,2.694153155582348,0.02660684473845918,199.86351103174175,12495.0,0.0,299,198
276.0,730.0,7711.596411926695,2.694153155582348,0.02660684473845918,199.86351103174175,12495.0,0.0,300,198
464.0,744.0,7711.596411926695,2.694153155582348,0.02660684473845918,199.86351103174175,12495.0,0.0,300,137
161.0,499.0,7711.596411926695,2.694153155582348,0.02660684473845918,199.86351103174175,12495.0,0.0,300,223
749.0,101.0,7711.596411926695,2.694153155582348,0.02660684473845918,199.86351103174175,12495.0,0.0,300,207
445.0,741.0,7711.596411926695,2.694153155582348,0.02660684473845918,199.86351103174175,12495.0,0.0,301,137
271.0,733.0,7711.596411926695,2.694153155582348,0.02660684473845918,199.86351103174175,12495.0,0.0,301,198
155.0,504.0,7711.596411926695,2.694153155582348,0.02660684473845918,199.86351103174175,12495.0,0.0,301,223
749.0,88.0,7711.596411926695,2.694153155582348,0.02660684473845918,199.86351103174175,12495.0,0.0,301,207
